Government_School,Government_District,Government_Latitude,Government_Longitude,BEF_School,BEF_District,Distance_KM
GBPS JUMA KHAN BUGTI,Sohbat Pur,28.4394752214081,68.9278531797426,Darya khan gajani/Arbab Pandrani,Sohbat Pur,9.19
GBPS MUHAMMAD MALOOK BUGTI,Sohbat Pur,28.4390552350501,68.918447274856,Darya khan gajani/Arbab Pandrani,Sohbat Pur,8.31
GBMIDS SAQKHEERA KHAN BAJKHANI,Sohbat Pur,28.4330619001105,68.888019970641,Darya khan gajani/Arbab Pandrani,Sohbat Pur,5.79
GBMIDS TAJA KHAN BAJKHANI,Sohbat Pur,28.4420154504326,68.8969778665782,Darya khan gajani/Arbab Pandrani,Sohbat Pur,6.2
GBMIDS BALOCH KHAN KANRANI,Sohbat Pur,28.4354263444007,68.9071970759204,Darya khan gajani/Arbab Pandrani,Sohbat Pur,7.39
GBPS RUSTAM KHAN GAJANI,Sohbat Pur,28.4287852201438,68.8451165875651,Darya khan gajani/Arbab Pandrani,Sohbat Pur,3.43
GBPS MUHAMMAD HAYAT KHAN GAJANI,Sohbat Pur,28.4385078121635,68.8381074381543,Darya khan gajani/Arbab Pandrani,Sohbat Pur,2.25
GBPS MUHAMMAD HAYAT KHAN GAJANI,Sohbat Pur,28.4385078121635,68.8381074381543,Goth Gul Sher Kandrani,Sohbat Pur,9.11
GBPS GHULAM MUHAMMAD BHARANI,Sohbat Pur,28.4326226060044,68.834478117434,Darya khan gajani/Arbab Pandrani,Sohbat Pur,2.91
GBPS GHULAM MUHAMMAD BHARANI,Sohbat Pur,28.4326226060044,68.834478117434,Goth Gul Sher Kandrani,Sohbat Pur,9.22
GBHS SHAH DAD GHAJANI,Sohbat Pur,28.4371846831038,68.8158127536539,Raheem Bakhsh Kandrani,Sohbat Pur,8.85
GBHS SHAH DAD GHAJANI,Sohbat Pur,28.4371846831038,68.8158127536539,Darya khan gajani/Arbab Pandrani,Sohbat Pur,3.14
GBHS SHAH DAD GHAJANI,Sohbat Pur,28.4371846831038,68.8158127536539,Goth Gul Sher Kandrani,Sohbat Pur,7.52
GBPS ABDUL AZIZ GAJANI,Sohbat Pur,28.4395115082893,68.8151851924292,Raheem Bakhsh Kandrani,Sohbat Pur,8.81
GBPS ABDUL AZIZ GAJANI,Sohbat Pur,28.4395115082893,68.8151851924292,Darya khan gajani/Arbab Pandrani,Sohbat Pur,2.99
GBPS ABDUL AZIZ GAJANI,Sohbat Pur,28.4395115082893,68.8151851924292,Goth Gul Sher Kandrani,Sohbat Pur,7.29
GBPS DEGI KHAN GAJANI,Sohbat Pur,28.4429275656156,68.8179721620035,Raheem Bakhsh Kandrani,Sohbat Pur,9.11
GBPS DEGI KHAN GAJANI,Sohbat Pur,28.4429275656156,68.8179721620035,Darya khan gajani/Arbab Pandrani,Sohbat Pur,2.53
GBPS DEGI KHAN GAJANI,Sohbat Pur,28.4429275656156,68.8179721620035,Goth Gul Sher Kandrani,Sohbat Pur,7.24
GBHSS MUHAMMAD SALAH GAJANI,Sohbat Pur,28.4445370850717,68.8025591713018,Raheem Bakhsh Kandrani,Sohbat Pur,7.64
GBHSS MUHAMMAD SALAH GAJANI,Sohbat Pur,28.4445370850717,68.8025591713018,Darya khan gajani/Arbab Pandrani,Sohbat Pur,3.69
GBHSS MUHAMMAD SALAH GAJANI,Sohbat Pur,28.4445370850717,68.8025591713018,Goth Gul Sher Kandrani,Sohbat Pur,6.03
GBPS JUMA KHAN GAJANI,Sohbat Pur,28.4382526794877,68.8003399587894,Raheem Bakhsh Kandrani,Sohbat Pur,7.35
GBPS JUMA KHAN GAJANI,Sohbat Pur,28.4382526794877,68.8003399587894,Darya khan gajani/Arbab Pandrani,Sohbat Pur,4.22
GBPS JUMA KHAN GAJANI,Sohbat Pur,28.4382526794877,68.8003399587894,Goth Gul Sher Kandrani,Sohbat Pur,6.44
GBPS MUHAMMAD BAKHSH GAJANI,Sohbat Pur,28.4444215558531,68.7953240615021,Raheem Bakhsh Kandrani,Sohbat Pur,6.94
GBPS MUHAMMAD BAKHSH GAJANI,Sohbat Pur,28.4444215558531,68.7953240615021,Darya khan gajani/Arbab Pandrani,Sohbat Pur,4.34
GBPS MUHAMMAD BAKHSH GAJANI,Sohbat Pur,28.4444215558531,68.7953240615021,Goth Gul Sher Kandrani,Sohbat Pur,5.59
GBPS DHANGAN KHAN GAJANI,Sohbat Pur,28.4547812094931,68.7875878005205,Raheem Bakhsh Kandrani,Sohbat Pur,6.52
GBPS DHANGAN KHAN GAJANI,Sohbat Pur,28.4547812094931,68.7875878005205,Darya khan gajani/Arbab Pandrani,Sohbat Pur,4.82
GBPS DHANGAN KHAN GAJANI,Sohbat Pur,28.4547812094931,68.7875878005205,Goth Gul Sher Kandrani,Sohbat Pur,4.22
GBPS ISMAIL KHAN GAJANI,Sohbat Pur,28.4696462019592,68.7699619486153,Raheem Bakhsh Kandrani,Sohbat Pur,5.91
GBPS ISMAIL KHAN GAJANI,Sohbat Pur,28.4696462019592,68.7699619486153,Muhammad Ashraf Lashari/Mula Basksh Jattak,Sohbat Pur,9.85
GBPS ISMAIL KHAN GAJANI,Sohbat Pur,28.4696462019592,68.7699619486153,Darya khan gajani/Arbab Pandrani,Sohbat Pur,6.63
GBPS ISMAIL KHAN GAJANI,Sohbat Pur,28.4696462019592,68.7699619486153,Goth Gul Sher Kandrani,Sohbat Pur,1.9
GBPS RIND ALI GAJANI,Sohbat Pur,28.4841069242626,68.7674075741451,Raheem Bakhsh Kandrani,Sohbat Pur,6.94
GBPS RIND ALI GAJANI,Sohbat Pur,28.4841069242626,68.7674075741451,Muhammad Ashraf Lashari/Mula Basksh Jattak,Sohbat Pur,8.93
GBPS RIND ALI GAJANI,Sohbat Pur,28.4841069242626,68.7674075741451,Darya khan gajani/Arbab Pandrani,Sohbat Pur,7.33
GBPS RIND ALI GAJANI,Sohbat Pur,28.4841069242626,68.7674075741451,Goth Gul Sher Kandrani,Sohbat Pur,0.59
GBPS HAMID PUR,Sohbat Pur,28.4668936969666,68.7632435131865,Raheem Bakhsh Kandrani,Sohbat Pur,5.22
GBPS HAMID PUR,Sohbat Pur,28.4668936969666,68.7632435131865,Muhammad Ashraf Lashari/Mula Basksh Jattak,Sohbat Pur,9.44
GBPS HAMID PUR,Sohbat Pur,28.4668936969666,68.7632435131865,Darya khan gajani/Arbab Pandrani,Sohbat Pur,7.24
GBPS HAMID PUR,Sohbat Pur,28.4668936969666,68.7632435131865,Goth Gul Sher Kandrani,Sohbat Pur,2.02
GBPS VALAN GAJANI,Sohbat Pur,28.4839946867618,68.7538431090597,Raheem Bakhsh Kandrani,Sohbat Pur,6.24
GBPS VALAN GAJANI,Sohbat Pur,28.4839946867618,68.7538431090597,Muhammad Ashraf Lashari/Mula Basksh Jattak,Sohbat Pur,7.71
GBPS VALAN GAJANI,Sohbat Pur,28.4839946867618,68.7538431090597,Darya khan gajani/Arbab Pandrani,Sohbat Pur,8.57
GBPS VALAN GAJANI,Sohbat Pur,28.4839946867618,68.7538431090597,Goth Gul Sher Kandrani,Sohbat Pur,0.76
GBHS MURID BAROHI,Sohbat Pur,28.4265709754292,68.7477385515107,Raheem Bakhsh Kandrani,Sohbat Pur,2.31
GBHS MURID BAROHI,Sohbat Pur,28.4265709754292,68.7477385515107,Darya khan gajani/Arbab Pandrani,Sohbat Pur,9.41
GBHS MURID BAROHI,Sohbat Pur,28.4265709754292,68.7477385515107,Goth Gul Sher Kandrani,Sohbat Pur,6.62
GBPS MUHAMMAD ISMAIL KANRANI,Sohbat Pur,28.4832162787735,68.7151113131007,Raheem Bakhsh Kandrani,Sohbat Pur,5.6
GBPS MUHAMMAD ISMAIL KANRANI,Sohbat Pur,28.4832162787735,68.7151113131007,Muhammad Ashraf Lashari/Mula Basksh Jattak,Sohbat Pur,4.64
GBPS MUHAMMAD ISMAIL KANRANI,Sohbat Pur,28.4832162787735,68.7151113131007,Goth Gul Sher Kandrani,Sohbat Pur,4.54
GBPS WANDH LASHARI,Sohbat Pur,28.4943270431133,68.6864263161596,Raheem Bakhsh Kandrani,Sohbat Pur,7.75
GBPS WANDH LASHARI,Sohbat Pur,28.4943270431133,68.6864263161596,Muhammad Ashraf Lashari/Mula Basksh Jattak,Sohbat Pur,2.17
GBPS WANDH LASHARI,Sohbat Pur,28.4943270431133,68.6864263161596,Akbar khayazai,Sohbat Pur,9.18
GBPS WANDH LASHARI,Sohbat Pur,28.4943270431133,68.6864263161596,Goth Gul Sher Kandrani,Sohbat Pur,7.42
GBPS DATA KHAN KANRANI,Sohbat Pur,28.50550332,68.70036041,Raheem Bakhsh Kandrani,Sohbat Pur,8.35
GBPS DATA KHAN KANRANI,Sohbat Pur,28.50550332,68.70036041,Muhammad Ashraf Lashari/Mula Basksh Jattak,Sohbat Pur,1.96
GBPS DATA KHAN KANRANI,Sohbat Pur,28.50550332,68.70036041,Akbar khayazai,Sohbat Pur,9.87
GBPS DATA KHAN KANRANI,Sohbat Pur,28.50550332,68.70036041,Goth Gul Sher Kandrani,Sohbat Pur,6.4
GBPS SHAH PASAND KANRANI,Sohbat Pur,28.50291984,68.69530264,Raheem Bakhsh Kandrani,Sohbat Pur,8.24
GBPS SHAH PASAND KANRANI,Sohbat Pur,28.50291984,68.69530264,Muhammad Ashraf Lashari/Mula Basksh Jattak,Sohbat Pur,1.72
GBPS SHAH PASAND KANRANI,Sohbat Pur,28.50291984,68.69530264,Akbar khayazai,Sohbat Pur,9.52
GBPS SHAH PASAND KANRANI,Sohbat Pur,28.50291984,68.69530264,Goth Gul Sher Kandrani,Sohbat Pur,6.77
GBMIDS IMAM BAKHSH KANRANI,Sohbat Pur,28.5065252178014,68.7340780051712,Raheem Bakhsh Kandrani,Sohbat Pur,8.13
GBMIDS IMAM BAKHSH KANRANI,Sohbat Pur,28.5065252178014,68.7340780051712,Muhammad Ashraf Lashari/Mula Basksh Jattak,Sohbat Pur,5.1
GBMIDS IMAM BAKHSH KANRANI,Sohbat Pur,28.5065252178014,68.7340780051712,Goth Gul Sher Kandrani,Sohbat Pur,3.58
GBPS RAHIM PUR,Sohbat Pur,28.4966490115829,68.7049776690226,Raheem Bakhsh Kandrani,Sohbat Pur,7.28
GBPS RAHIM PUR,Sohbat Pur,28.4966490115829,68.7049776690226,Muhammad Ashraf Lashari/Mula Basksh Jattak,Sohbat Pur,2.89
GBPS RAHIM PUR,Sohbat Pur,28.4966490115829,68.7049776690226,Goth Gul Sher Kandrani,Sohbat Pur,5.68
GBPS ABDUL SATTAR,Sohbat Pur,28.49029442,68.72533593,Raheem Bakhsh Kandrani,Sohbat Pur,6.29
GBPS ABDUL SATTAR,Sohbat Pur,28.49029442,68.72533593,Muhammad Ashraf Lashari/Mula Basksh Jattak,Sohbat Pur,4.92
GBPS ABDUL SATTAR,Sohbat Pur,28.49029442,68.72533593,Goth Gul Sher Kandrani,Sohbat Pur,3.59
GBHS MANJHI PUR,Sohbat Pur,28.4272095673949,68.6744714194572,Raheem Bakhsh Kandrani,Sohbat Pur,5.05
GBHS MANJHI PUR,Sohbat Pur,28.4272095673949,68.6744714194572,Muhammad Ashraf Lashari/Mula Basksh Jattak,Sohbat Pur,9.61
GGPS DHANI BAKHSH KANRANI,Sohbat Pur,28.48673451,68.7289855,Raheem Bakhsh Kandrani,Sohbat Pur,5.9
GGPS DHANI BAKHSH KANRANI,Sohbat Pur,28.48673451,68.7289855,Muhammad Ashraf Lashari/Mula Basksh Jattak,Sohbat Pur,5.43
GGPS DHANI BAKHSH KANRANI,Sohbat Pur,28.48673451,68.7289855,Goth Gul Sher Kandrani,Sohbat Pur,3.19
GBPS HINDU MUHALLAH MANJHI PUR,Sohbat Pur,28.428327350086,68.6714131641662,Raheem Bakhsh Kandrani,Sohbat Pur,5.33
GBPS HINDU MUHALLAH MANJHI PUR,Sohbat Pur,28.428327350086,68.6714131641662,Muhammad Ashraf Lashari/Mula Basksh Jattak,Sohbat Pur,9.52
GBPS MANJHI PUR,Sohbat Pur,28.4272011484513,68.6723887602688,Raheem Bakhsh Kandrani,Sohbat Pur,5.26
GBPS MANJHI PUR,Sohbat Pur,28.4272011484513,68.6723887602688,Muhammad Ashraf Lashari/Mula Basksh Jattak,Sohbat Pur,9.63
GBPS DOULAT PUR,Sohbat Pur,28.4488371910062,68.6572989422279,Raheem Bakhsh Kandrani,Sohbat Pur,6.9
GBPS DOULAT PUR,Sohbat Pur,28.4488371910062,68.6572989422279,Muhammad Ashraf Lashari/Mula Basksh Jattak,Sohbat Pur,7.6
GBPS MEWA KHAN,Sohbat Pur,28.4780778349721,68.6296154086443,Muhammad Ashraf Lashari/Mula Basksh Jattak,Sohbat Pur,6.52
GBPS MEWA KHAN,Sohbat Pur,28.4780778349721,68.6296154086443,Akbar khayazai,Sohbat Pur,6.94
GBPS MIR HASSAN KHOSA,Sohbat Pur,28.5258198446456,68.615018253863,Muhammad Ashraf Lashari/Mula Basksh Jattak,Sohbat Pur,6.75
GBPS MIR HASSAN KHOSA,Sohbat Pur,28.5258198446456,68.615018253863,Akbar khayazai,Sohbat Pur,1.53
GBHS HAIR DIN,Sohbat Pur,28.52346587,68.67257866,Muhammad Ashraf Lashari/Mula Basksh Jattak,Sohbat Pur,1.46
GBHS HAIR DIN,Sohbat Pur,28.52346587,68.67257866,Akbar khayazai,Sohbat Pur,6.68
GBHS HAIR DIN,Sohbat Pur,28.52346587,68.67257866,Goth Gul Sher Kandrani,Sohbat Pur,9.69
GBMIDS GHULAM RASOOL AKBAR KHAN JARWAR,Sohbat Pur,28.53437929,68.6117974,Muhammad Ashraf Lashari/Mula Basksh Jattak,Sohbat Pur,7.3
GBMIDS GHULAM RASOOL AKBAR KHAN JARWAR,Sohbat Pur,28.53437929,68.6117974,Akbar khayazai,Sohbat Pur,0.64
GBPS ALLAHABAD,Sohbat Pur,28.5147414820364,68.6011691871071,Muhammad Ashraf Lashari/Mula Basksh Jattak,Sohbat Pur,7.97
GBPS ALLAHABAD,Sohbat Pur,28.5147414820364,68.6011691871071,Akbar khayazai,Sohbat Pur,2.53
GBPS JARWAR,Sohbat Pur,28.52574764,68.62772541,Muhammad Ashraf Lashari/Mula Basksh Jattak,Sohbat Pur,5.54
GBPS JARWAR,Sohbat Pur,28.52574764,68.62772541,Akbar khayazai,Sohbat Pur,2.46
GBPS UMAR KHAN KHOSA,Sohbat Pur,28.5267720600696,68.5863650433984,Muhammad Ashraf Lashari/Mula Basksh Jattak,Sohbat Pur,9.53
GBPS UMAR KHAN KHOSA,Sohbat Pur,28.5267720600696,68.5863650433984,Akbar khayazai,Sohbat Pur,2.25
GBPS NOZ BUND,Sohbat Pur,28.5418559982332,68.5708958037554,Akbar khayazai,Sohbat Pur,3.49
GBPS ABDUL FATEH,Sohbat Pur,28.56739865,68.58046208,Kareem Bakash Khosa,Sohbat Pur,8.78
GBPS ABDUL FATEH,Sohbat Pur,28.56739865,68.58046208,Akbar khayazai,Sohbat Pur,4.19
GBPS MOHABAT KHAN,Sohbat Pur,28.5827144547359,68.5947482760111,Kareem Bakash Khosa,Sohbat Pur,8.85
GBPS MOHABAT KHAN,Sohbat Pur,28.5827144547359,68.5947482760111,Akbar khayazai,Sohbat Pur,5.17
GBPS HABIBULLAH,Sohbat Pur,28.57244291,68.58382472,Kareem Bakash Khosa,Sohbat Pur,8.64
GBPS HABIBULLAH,Sohbat Pur,28.57244291,68.58382472,Akbar khayazai,Sohbat Pur,4.48
GBMIDS ROSHAN UD DIN KHAN KHOSA,Sohbat Pur,28.6381612476663,68.5165871062124,Kareem Bakash Khosa,Sohbat Pur,1.64
GBPS KAHLAN,Sohbat Pur,28.6267023352572,68.5090515977341,Kareem Bakash Khosa,Sohbat Pur,0.85
GBPS NASIB ULLAH KHAN KHOSA,Sohbat Pur,28.6272712764428,68.4895140026693,Kareem Bakash Khosa,Sohbat Pur,2.71
GBPS NASIB ULLAH KHAN KHOSA,Sohbat Pur,28.6272712764428,68.4895140026693,Aziz-u-Rehman Khosa/ Bahadur Khosa,Sohbat Pur,9.02
GBPS DEH DANDA,Sohbat Pur,28.6044620559396,68.498590792247,Kareem Bakash Khosa,Sohbat Pur,2.75
GBPS DEH DANDA,Sohbat Pur,28.6044620559396,68.498590792247,Aziz-u-Rehman Khosa/ Bahadur Khosa,Sohbat Pur,8.85
GBPS LAL MUHAMMAD ISKAR BUGTI,Sohbat Pur,28.560694773894,68.6197605710881,Muhammad Ashraf Lashari/Mula Basksh Jattak,Sohbat Pur,8.06
GBPS LAL MUHAMMAD ISKAR BUGTI,Sohbat Pur,28.560694773894,68.6197605710881,Akbar khayazai,Sohbat Pur,2.93
GBHS DEH GHARI,Sohbat Pur,28.6053015778951,68.450453305336,Kareem Bakash Khosa,Sohbat Pur,6.8
GBHS DEH GHARI,Sohbat Pur,28.6053015778951,68.450453305336,Aziz-u-Rehman Khosa/ Bahadur Khosa,Sohbat Pur,4.49
GBPS NASRULLAH LEHRI,Sohbat Pur,28.5958916420446,68.4296791820195,Kareem Bakash Khosa,Sohbat Pur,9.05
GBPS NASRULLAH LEHRI,Sohbat Pur,28.5958916420446,68.4296791820195,Aziz-u-Rehman Khosa/ Bahadur Khosa,Sohbat Pur,2.21
GBPS ABDUL SATTAR KHAN,Sohbat Pur,28.5242868465751,68.4779614514597,Aziz-u-Rehman Khosa/ Bahadur Khosa,Sohbat Pur,9.37
GBMIDS AZAM KHAN,Sohbat Pur,28.5466439390464,68.5613151551489,Kareem Bakash Khosa,Sohbat Pur,9.55
GBMIDS AZAM KHAN,Sohbat Pur,28.5466439390464,68.5613151551489,Akbar khayazai,Sohbat Pur,4.51
GGPS ABDUL RASHEED KHOSA,Sohbat Pur,28.57185991,68.55793614,Kareem Bakash Khosa,Sohbat Pur,6.98
GGPS ABDUL RASHEED KHOSA,Sohbat Pur,28.57185991,68.55793614,Akbar khayazai,Sohbat Pur,6.08
GBPS  SIKANDAR JARWAR,Sohbat Pur,28.53062157,68.62337122,Muhammad Ashraf Lashari/Mula Basksh Jattak,Sohbat Pur,6.09
GBPS  SIKANDAR JARWAR,Sohbat Pur,28.53062157,68.62337122,Akbar khayazai,Sohbat Pur,1.84
GBPS NOOR MUHAMMAD JARWAR,Sohbat Pur,28.55433327,68.60855488,Muhammad Ashraf Lashari/Mula Basksh Jattak,Sohbat Pur,8.53
GBPS NOOR MUHAMMAD JARWAR,Sohbat Pur,28.55433327,68.60855488,Akbar khayazai,Sohbat Pur,1.91
GBPS MANZOOR HUSSAIN KHOSA,Sohbat Pur,28.56097931,68.48328287,Kareem Bakash Khosa,Sohbat Pur,7.65
GBPS MANZOOR HUSSAIN KHOSA,Sohbat Pur,28.56097931,68.48328287,Aziz-u-Rehman Khosa/ Bahadur Khosa,Sohbat Pur,7.55
GBPS ABDUL MAJEED GOLA,Sohbat Pur,28.4565427720844,68.5886683918031,Akbar khayazai,Sohbat Pur,9.1
GBPS MEHAR ALI PAT IRSHAD ALI GOLA,Sohbat Pur,28.5415778924294,68.5241567881075,Kareem Bakash Khosa,Sohbat Pur,9.09
GBPS MEHAR ALI PAT IRSHAD ALI GOLA,Sohbat Pur,28.5415778924294,68.5241567881075,Akbar khayazai,Sohbat Pur,8.04
GBPS MUHALLAH ABDUL REHMAN,Sohbat Pur,28.5212340471269,68.5398246541252,Akbar khayazai,Sohbat Pur,6.73
GBPS HOT KHAN,Sohbat Pur,28.5768561166101,68.604235770478,Kareem Bakash Khosa,Sohbat Pur,9.98
GBPS HOT KHAN,Sohbat Pur,28.5768561166101,68.604235770478,Akbar khayazai,Sohbat Pur,4.4
GBPS MURAD ALI,Sohbat Pur,28.5550776267339,68.4254240506563,Aziz-u-Rehman Khosa/ Bahadur Khosa,Sohbat Pur,3.57
GBPS MUHAMMAD HAYAT,Sohbat Pur,28.54126701,68.42532655,Aziz-u-Rehman Khosa/ Bahadur Khosa,Sohbat Pur,5.01
GBPS ABDUL FATEH KHOSA,Sohbat Pur,28.5156204750295,68.4223247035129,Aziz-u-Rehman Khosa/ Bahadur Khosa,Sohbat Pur,7.74
GBPS TAGYA KHAN,Sohbat Pur,28.5123491034677,68.4259101486325,Aziz-u-Rehman Khosa/ Bahadur Khosa,Sohbat Pur,8.15
GBMIDS ATTAL KHAN KANRANI,Sohbat Pur,28.4488615877805,68.8787440870467,Darya khan gajani/Arbab Pandrani,Sohbat Pur,4.28
GBMIDS ALI MUHAMMAD KANRANI,Sohbat Pur,28.4465027308809,68.8759538436303,Darya khan gajani/Arbab Pandrani,Sohbat Pur,4.09
GBPS ALI MURAD NUNDWANI,Sohbat Pur,28.4477747806008,68.8676824569053,Darya khan gajani/Arbab Pandrani,Sohbat Pur,3.28
GBMIDS SHAH MUHAMMAD NANDWANI,Sohbat Pur,28.4364234184227,68.8633305513414,Darya khan gajani/Arbab Pandrani,Sohbat Pur,3.61
GBPS MEHRAB NANDWANI,Sohbat Pur,28.434683119121,68.8604005075262,Darya khan gajani/Arbab Pandrani,Sohbat Pur,3.55
GBPS BOOJA KHAN BHARANI,Sohbat Pur,28.4410705987238,68.849073735222,Darya khan gajani/Arbab Pandrani,Sohbat Pur,2.31
GBPS BOOJA KHAN BHARANI,Sohbat Pur,28.4410705987238,68.849073735222,Goth Gul Sher Kandrani,Sohbat Pur,9.87
GBHS DIN MUHAMMAD KANRANI,Sohbat Pur,28.4358154591092,68.8566913853832,Darya khan gajani/Arbab Pandrani,Sohbat Pur,3.22
GBHS GHULAM MUHAMMAD KANRANI,Sohbat Pur,28.493955244219,68.7460753955533,Raheem Bakhsh Kandrani,Sohbat Pur,6.99
GBHS GHULAM MUHAMMAD KANRANI,Sohbat Pur,28.493955244219,68.7460753955533,Muhammad Ashraf Lashari/Mula Basksh Jattak,Sohbat Pur,6.59
GBHS GHULAM MUHAMMAD KANRANI,Sohbat Pur,28.493955244219,68.7460753955533,Darya khan gajani/Arbab Pandrani,Sohbat Pur,9.68
GBHS GHULAM MUHAMMAD KANRANI,Sohbat Pur,28.493955244219,68.7460753955533,Goth Gul Sher Kandrani,Sohbat Pur,1.8
GBPS TAGYA KHAN KANRANI,Sohbat Pur,28.4983893649437,68.7483928389667,Raheem Bakhsh Kandrani,Sohbat Pur,7.52
GBPS TAGYA KHAN KANRANI,Sohbat Pur,28.4983893649437,68.7483928389667,Muhammad Ashraf Lashari/Mula Basksh Jattak,Sohbat Pur,6.66
GBPS TAGYA KHAN KANRANI,Sohbat Pur,28.4983893649437,68.7483928389667,Darya khan gajani/Arbab Pandrani,Sohbat Pur,9.69
GBPS TAGYA KHAN KANRANI,Sohbat Pur,28.4983893649437,68.7483928389667,Goth Gul Sher Kandrani,Sohbat Pur,1.95
GBHS RIND ALI,Sohbat Pur,28.4365566474145,68.8680662679413,Darya khan gajani/Arbab Pandrani,Sohbat Pur,3.95
GBHSS JUMAL KHAN BUGTI,Sohbat Pur,28.4570471308405,68.7918728333261,Raheem Bakhsh Kandrani,Sohbat Pur,7.0
GBHSS JUMAL KHAN BUGTI,Sohbat Pur,28.4570471308405,68.7918728333261,Darya khan gajani/Arbab Pandrani,Sohbat Pur,4.38
GBHSS JUMAL KHAN BUGTI,Sohbat Pur,28.4570471308405,68.7918728333261,Goth Gul Sher Kandrani,Sohbat Pur,4.3
GGHS PANHWAR,Sohbat Pur,28.430009042078,68.7782418596327,Raheem Bakhsh Kandrani,Sohbat Pur,5.18
GGHS PANHWAR,Sohbat Pur,28.430009042078,68.7782418596327,Darya khan gajani/Arbab Pandrani,Sohbat Pur,6.54
GGHS PANHWAR,Sohbat Pur,28.430009042078,68.7782418596327,Goth Gul Sher Kandrani,Sohbat Pur,6.32
GBHS PANHWAR,Sohbat Pur,28.4266598946384,68.7789429278774,Raheem Bakhsh Kandrani,Sohbat Pur,5.29
GBHS PANHWAR,Sohbat Pur,28.4266598946384,68.7789429278774,Darya khan gajani/Arbab Pandrani,Sohbat Pur,6.67
GBHS PANHWAR,Sohbat Pur,28.4266598946384,68.7789429278774,Goth Gul Sher Kandrani,Sohbat Pur,6.7
GGPS ALI MUHAMMAD KANRANI,Sohbat Pur,28.4469413472116,68.876315843628,Darya khan gajani/Arbab Pandrani,Sohbat Pur,4.11
GBMIDS MUHAMMAD AMIN KHAN,Sohbat Pur,28.4682484895021,68.7429356367741,Raheem Bakhsh Kandrani,Sohbat Pur,4.2
GBMIDS MUHAMMAD AMIN KHAN,Sohbat Pur,28.4682484895021,68.7429356367741,Muhammad Ashraf Lashari/Mula Basksh Jattak,Sohbat Pur,7.76
GBMIDS MUHAMMAD AMIN KHAN,Sohbat Pur,28.4682484895021,68.7429356367741,Darya khan gajani/Arbab Pandrani,Sohbat Pur,9.23
GBMIDS MUHAMMAD AMIN KHAN,Sohbat Pur,28.4682484895021,68.7429356367741,Goth Gul Sher Kandrani,Sohbat Pur,2.6
GBMIDS LASHKAR KHAN KANRANI,Sohbat Pur,28.4990602596566,68.6994381094834,Raheem Bakhsh Kandrani,Sohbat Pur,7.7
GBMIDS LASHKAR KHAN KANRANI,Sohbat Pur,28.4990602596566,68.6994381094834,Muhammad Ashraf Lashari/Mula Basksh Jattak,Sohbat Pur,2.31
GBMIDS LASHKAR KHAN KANRANI,Sohbat Pur,28.4990602596566,68.6994381094834,Goth Gul Sher Kandrani,Sohbat Pur,6.27
GGMIDS HUSSAIN MUHAMMAD KANRANI,Sohbat Pur,28.4801333971799,68.7258501490282,Raheem Bakhsh Kandrani,Sohbat Pur,5.16
GGMIDS HUSSAIN MUHAMMAD KANRANI,Sohbat Pur,28.4801333971799,68.7258501490282,Muhammad Ashraf Lashari/Mula Basksh Jattak,Sohbat Pur,5.63
GGMIDS HUSSAIN MUHAMMAD KANRANI,Sohbat Pur,28.4801333971799,68.7258501490282,Goth Gul Sher Kandrani,Sohbat Pur,3.53
GGHS HAIR DIN,Sohbat Pur,28.52099523,68.66817642,Muhammad Ashraf Lashari/Mula Basksh Jattak,Sohbat Pur,1.63
GGHS HAIR DIN,Sohbat Pur,28.52099523,68.66817642,Akbar khayazai,Sohbat Pur,6.33
GGHS HAIR DIN,Sohbat Pur,28.52099523,68.66817642,Goth Gul Sher Kandrani,Sohbat Pur,9.96
GBPS JAM BUMBAL,Sohbat Pur,28.4589067777195,68.7565323581345,Raheem Bakhsh Kandrani,Sohbat Pur,4.14
GBPS JAM BUMBAL,Sohbat Pur,28.4589067777195,68.7565323581345,Muhammad Ashraf Lashari/Mula Basksh Jattak,Sohbat Pur,9.45
GBPS JAM BUMBAL,Sohbat Pur,28.4589067777195,68.7565323581345,Darya khan gajani/Arbab Pandrani,Sohbat Pur,7.84
GBPS JAM BUMBAL,Sohbat Pur,28.4589067777195,68.7565323581345,Goth Gul Sher Kandrani,Sohbat Pur,2.94
GBMIDS MUHAMMAD HASHIM BAROHI,Sohbat Pur,28.4523448440073,68.7662391091191,Raheem Bakhsh Kandrani,Sohbat Pur,4.5
GBMIDS MUHAMMAD HASHIM BAROHI,Sohbat Pur,28.4523448440073,68.7662391091191,Darya khan gajani/Arbab Pandrani,Sohbat Pur,6.92
GBMIDS MUHAMMAD HASHIM BAROHI,Sohbat Pur,28.4523448440073,68.7662391091191,Goth Gul Sher Kandrani,Sohbat Pur,3.66
GBPS MUHAMMAD RAHIM KANRANI,Sohbat Pur,28.4682158502373,68.7343892412082,Raheem Bakhsh Kandrani,Sohbat Pur,3.94
GBPS MUHAMMAD RAHIM KANRANI,Sohbat Pur,28.4682158502373,68.7343892412082,Muhammad Ashraf Lashari/Mula Basksh Jattak,Sohbat Pur,7.15
GBPS MUHAMMAD RAHIM KANRANI,Sohbat Pur,28.4682158502373,68.7343892412082,Goth Gul Sher Kandrani,Sohbat Pur,3.25
GBPS KARIM BAIG KHAN KANRANI,Sohbat Pur,28.4705406102608,68.7360398652228,Raheem Bakhsh Kandrani,Sohbat Pur,4.22
GBPS KARIM BAIG KHAN KANRANI,Sohbat Pur,28.4705406102608,68.7360398652228,Muhammad Ashraf Lashari/Mula Basksh Jattak,Sohbat Pur,7.09
GBPS KARIM BAIG KHAN KANRANI,Sohbat Pur,28.4705406102608,68.7360398652228,Darya khan gajani/Arbab Pandrani,Sohbat Pur,9.93
GBPS KARIM BAIG KHAN KANRANI,Sohbat Pur,28.4705406102608,68.7360398652228,Goth Gul Sher Kandrani,Sohbat Pur,2.97
GBPS ABDUL RAHIM KHAN,Sohbat Pur,28.4800490241561,68.7282711238552,Raheem Bakhsh Kandrani,Sohbat Pur,5.16
GBPS ABDUL RAHIM KHAN,Sohbat Pur,28.4800490241561,68.7282711238552,Muhammad Ashraf Lashari/Mula Basksh Jattak,Sohbat Pur,5.82
GBPS ABDUL RAHIM KHAN,Sohbat Pur,28.4800490241561,68.7282711238552,Goth Gul Sher Kandrani,Sohbat Pur,3.3
GBPS DINAR KHAN NO.1,Sohbat Pur,28.49185344,68.73249803,Raheem Bakhsh Kandrani,Sohbat Pur,6.5
GBPS DINAR KHAN NO.1,Sohbat Pur,28.49185344,68.73249803,Muhammad Ashraf Lashari/Mula Basksh Jattak,Sohbat Pur,5.45
GBPS DINAR KHAN NO.1,Sohbat Pur,28.49185344,68.73249803,Goth Gul Sher Kandrani,Sohbat Pur,2.94
GBPS DINAR KHAN NO.2,Sohbat Pur,28.48661654,68.72947358,Raheem Bakhsh Kandrani,Sohbat Pur,5.89
GBPS DINAR KHAN NO.2,Sohbat Pur,28.48661654,68.72947358,Muhammad Ashraf Lashari/Mula Basksh Jattak,Sohbat Pur,5.48
GBPS DINAR KHAN NO.2,Sohbat Pur,28.48661654,68.72947358,Goth Gul Sher Kandrani,Sohbat Pur,3.14
GBPS ABDUL NABI KHAN KANRANI,Sohbat Pur,28.4973653731323,68.7191412992344,Raheem Bakhsh Kandrani,Sohbat Pur,7.1
GBPS ABDUL NABI KHAN KANRANI,Sohbat Pur,28.4973653731323,68.7191412992344,Muhammad Ashraf Lashari/Mula Basksh Jattak,Sohbat Pur,4.01
GBPS ABDUL NABI KHAN KANRANI,Sohbat Pur,28.4973653731323,68.7191412992344,Goth Gul Sher Kandrani,Sohbat Pur,4.36
GBPS MIR DOST KHAN KHOSA,Sohbat Pur,28.51997838,68.67009964,Muhammad Ashraf Lashari/Mula Basksh Jattak,Sohbat Pur,1.41
GBPS MIR DOST KHAN KHOSA,Sohbat Pur,28.51997838,68.67009964,Akbar khayazai,Sohbat Pur,6.54
GBPS MIR DOST KHAN KHOSA,Sohbat Pur,28.51997838,68.67009964,Goth Gul Sher Kandrani,Sohbat Pur,9.75
GBPS ISMAIL CHATANI,Sohbat Pur,28.4975330822762,68.6070545007513,Muhammad Ashraf Lashari/Mula Basksh Jattak,Sohbat Pur,7.61
GBPS ISMAIL CHATANI,Sohbat Pur,28.4975330822762,68.6070545007513,Akbar khayazai,Sohbat Pur,4.4
GBPS ALI ABAD,Sohbat Pur,28.4909044448018,68.5695871117595,Akbar khayazai,Sohbat Pur,6.25
GBPS ZAMAN BUGTI,Sohbat Pur,28.4944508695185,68.5619308806593,Akbar khayazai,Sohbat Pur,6.42
GBPS SHAH MURAD BHAROHI DHANI PARTA,Sohbat Pur,28.4997506789643,68.6734852656159,Raheem Bakhsh Kandrani,Sohbat Pur,8.93
GBPS SHAH MURAD BHAROHI DHANI PARTA,Sohbat Pur,28.4997506789643,68.6734852656159,Muhammad Ashraf Lashari/Mula Basksh Jattak,Sohbat Pur,1.78
GBPS SHAH MURAD BHAROHI DHANI PARTA,Sohbat Pur,28.4997506789643,68.6734852656159,Akbar khayazai,Sohbat Pur,7.79
GBPS SHAH MURAD BHAROHI DHANI PARTA,Sohbat Pur,28.4997506789643,68.6734852656159,Goth Gul Sher Kandrani,Sohbat Pur,8.77
GBMIDS ZAHOOR HUSSAIN  KHAN KHOSA,Sohbat Pur,28.5315167925847,68.6497578894786,Muhammad Ashraf Lashari/Mula Basksh Jattak,Sohbat Pur,3.78
GBMIDS ZAHOOR HUSSAIN  KHAN KHOSA,Sohbat Pur,28.5315167925847,68.6497578894786,Akbar khayazai,Sohbat Pur,4.32
GBPS BEHRAM BUGTI,Sohbat Pur,28.5488968984557,68.6334312663569,Muhammad Ashraf Lashari/Mula Basksh Jattak,Sohbat Pur,6.2
GBPS BEHRAM BUGTI,Sohbat Pur,28.5488968984557,68.6334312663569,Akbar khayazai,Sohbat Pur,2.97
GBHS ABDUL RASHEED,Sohbat Pur,28.56978685,68.55906741,Kareem Bakash Khosa,Sohbat Pur,7.23
GBHS ABDUL RASHEED,Sohbat Pur,28.56978685,68.55906741,Akbar khayazai,Sohbat Pur,5.85
GBHS ADAM PUR,Sohbat Pur,28.54268021,68.5918883,Muhammad Ashraf Lashari/Mula Basksh Jattak,Sohbat Pur,9.44
GBHS ADAM PUR,Sohbat Pur,28.54268021,68.5918883,Akbar khayazai,Sohbat Pur,1.52
GBPS JAFFAR JAT,Sohbat Pur,28.57192136,68.58674026,Kareem Bakash Khosa,Sohbat Pur,8.9
GBPS JAFFAR JAT,Sohbat Pur,28.57192136,68.58674026,Akbar khayazai,Sohbat Pur,4.29
GBPS SHERDIL BUGTI IZHAR HUSSAIN KHOSA,Sohbat Pur,28.5951816286923,68.4895790007475,Kareem Bakash Khosa,Sohbat Pur,4.11
GBPS SHERDIL BUGTI IZHAR HUSSAIN KHOSA,Sohbat Pur,28.5951816286923,68.4895790007475,Aziz-u-Rehman Khosa/ Bahadur Khosa,Sohbat Pur,7.78
GBPS DAR BHANI,Sohbat Pur,28.5868873758164,68.5626208676412,Kareem Bakash Khosa,Sohbat Pur,6.03
GBPS DAR BHANI,Sohbat Pur,28.5868873758164,68.5626208676412,Akbar khayazai,Sohbat Pur,6.96
GBPS NIZAM UD DIN SHAH,Sohbat Pur,28.4334794809209,68.6622944134239,Raheem Bakhsh Kandrani,Sohbat Pur,6.2
GBPS NIZAM UD DIN SHAH,Sohbat Pur,28.4334794809209,68.6622944134239,Muhammad Ashraf Lashari/Mula Basksh Jattak,Sohbat Pur,9.1
GBPS JUMA KHAN,Sohbat Pur,28.4582404572386,68.5992506509931,Akbar khayazai,Sohbat Pur,8.78
GBPS BOSTAN,Sohbat Pur,28.4811322267168,68.6011130180757,Muhammad Ashraf Lashari/Mula Basksh Jattak,Sohbat Pur,8.75
GBPS BOSTAN,Sohbat Pur,28.4811322267168,68.6011130180757,Akbar khayazai,Sohbat Pur,6.23
GBPS MUHAMMAD SALAH MARHATA,Sohbat Pur,28.4671767697878,68.6561936743223,Raheem Bakhsh Kandrani,Sohbat Pur,7.75
GBPS MUHAMMAD SALAH MARHATA,Sohbat Pur,28.4671767697878,68.6561936743223,Muhammad Ashraf Lashari/Mula Basksh Jattak,Sohbat Pur,5.76
GBPS MUHAMMAD SALAH MARHATA,Sohbat Pur,28.4671767697878,68.6561936743223,Akbar khayazai,Sohbat Pur,9.18
GBPS MIR HASSAN KHOSA,Sohbat Pur,28.4270541673611,68.663639960604,Raheem Bakhsh Kandrani,Sohbat Pur,6.11
GBPS MIR HASSAN KHOSA,Sohbat Pur,28.4270541673611,68.663639960604,Muhammad Ashraf Lashari/Mula Basksh Jattak,Sohbat Pur,9.78
GBPS  JOONGA KHAN,Sohbat Pur,28.4444152117394,68.6173224988924,Muhammad Ashraf Lashari/Mula Basksh Jattak,Sohbat Pur,9.99
GBPS DEH SOHBAT PUR/ MUHAMMAD YAQOOB,Sohbat Pur,28.5635462861564,68.4023360550326,Aziz-u-Rehman Khosa/ Bahadur Khosa,Sohbat Pur,2.49
GGHS ADAM PUR,Sohbat Pur,28.5431665386066,68.5925833189536,Muhammad Ashraf Lashari/Mula Basksh Jattak,Sohbat Pur,9.4
GGHS ADAM PUR,Sohbat Pur,28.5431665386066,68.5925833189536,Akbar khayazai,Sohbat Pur,1.48
GGHSS SOHBAT PUR,Sohbat Pur,28.5212651436357,68.5412331594385,Akbar khayazai,Sohbat Pur,6.59
GGHS MANJHI PUR,Sohbat Pur,28.4284928488818,68.67239584238,Raheem Bakhsh Kandrani,Sohbat Pur,5.24
GGHS MANJHI PUR,Sohbat Pur,28.4284928488818,68.67239584238,Muhammad Ashraf Lashari/Mula Basksh Jattak,Sohbat Pur,9.49
GBMIDS AKBAR KHAN,Sohbat Pur,28.5032558681663,68.6361396292665,Muhammad Ashraf Lashari/Mula Basksh Jattak,Sohbat Pur,4.69
GBMIDS AKBAR KHAN,Sohbat Pur,28.5032558681663,68.6361396292665,Akbar khayazai,Sohbat Pur,4.77
GBPS SIKANDER KHAN,Sohbat Pur,28.6052221302126,68.4617554926514,Kareem Bakash Khosa,Sohbat Pur,5.75
GBPS SIKANDER KHAN,Sohbat Pur,28.6052221302126,68.4617554926514,Aziz-u-Rehman Khosa/ Bahadur Khosa,Sohbat Pur,5.47
GBHSS GHULAM RASOOL,Sohbat Pur,28.5378071,68.40630003,Aziz-u-Rehman Khosa/ Bahadur Khosa,Sohbat Pur,5.22
GBPS NASEER KHAN UMRANI,Sohbat Pur,28.6049117975963,68.5223808907888,Kareem Bakash Khosa,Sohbat Pur,2.11
GBPS ZULFIQAR ALI,Sohbat Pur,28.5986135632884,68.516842230166,Kareem Bakash Khosa,Sohbat Pur,2.74
GBPS DHANI BAKHSH,Sohbat Pur,28.6060528883106,68.5540448841908,Kareem Bakash Khosa,Sohbat Pur,4.11
GBPS DHANI BAKHSH,Sohbat Pur,28.6060528883106,68.5540448841908,Akbar khayazai,Sohbat Pur,9.18
GBHS JHANDA TALAB,Sohbat Pur,28.58128952,68.48144625,Kareem Bakash Khosa,Sohbat Pur,5.81
GBHS JHANDA TALAB,Sohbat Pur,28.58128952,68.48144625,Aziz-u-Rehman Khosa/ Bahadur Khosa,Sohbat Pur,6.91
GBPS SHAMS-UD-DIN KHAN,Sohbat Pur,28.5826144851924,68.4595780538457,Kareem Bakash Khosa,Sohbat Pur,7.2
GBPS SHAMS-UD-DIN KHAN,Sohbat Pur,28.5826144851924,68.4595780538457,Aziz-u-Rehman Khosa/ Bahadur Khosa,Sohbat Pur,4.76
GBPS MUHAMMAD ISMAIL KHAN MANJHANI,Sohbat Pur,28.5840435089804,68.4609231006493,Kareem Bakash Khosa,Sohbat Pur,6.99
GBPS MUHAMMAD ISMAIL KHAN MANJHANI,Sohbat Pur,28.5840435089804,68.4609231006493,Aziz-u-Rehman Khosa/ Bahadur Khosa,Sohbat Pur,4.89
GBPS  ALLAH WARAYA KHOSA,Sohbat Pur,28.5921252384046,68.4645484593533,Kareem Bakash Khosa,Sohbat Pur,6.18
GBPS  ALLAH WARAYA KHOSA,Sohbat Pur,28.5921252384046,68.4645484593533,Aziz-u-Rehman Khosa/ Bahadur Khosa,Sohbat Pur,5.31
GBPS MUHAMMAD ISHAQUE,Sohbat Pur,28.5736989888774,68.4145133031248,Aziz-u-Rehman Khosa/ Bahadur Khosa,Sohbat Pur,1.27
GBPS MUHAMMAD IBRAHIM KHAN,Sohbat Pur,28.5876125346734,68.4377816026297,Kareem Bakash Khosa,Sohbat Pur,8.69
GBPS MUHAMMAD IBRAHIM KHAN,Sohbat Pur,28.5876125346734,68.4377816026297,Aziz-u-Rehman Khosa/ Bahadur Khosa,Sohbat Pur,2.65
GBPS MUHAMMAD AKBAR KHAN BUGTI,Sohbat Pur,28.5765121006747,68.4426359356561,Kareem Bakash Khosa,Sohbat Pur,8.93
GBPS MUHAMMAD AKBAR KHAN BUGTI,Sohbat Pur,28.5765121006747,68.4426359356561,Aziz-u-Rehman Khosa/ Bahadur Khosa,Sohbat Pur,3.23
GBPS QASIM KHAN,Sohbat Pur,28.5440867,68.44985908,Aziz-u-Rehman Khosa/ Bahadur Khosa,Sohbat Pur,5.89
GBPS ASLAM KHAN,Sohbat Pur,28.5473113622712,68.4249694781804,Aziz-u-Rehman Khosa/ Bahadur Khosa,Sohbat Pur,4.36
GBPS  DILDAR KHAN,Sohbat Pur,28.5397754292497,68.4845310526991,Kareem Bakash Khosa,Sohbat Pur,9.79
GBPS  DILDAR KHAN,Sohbat Pur,28.5397754292497,68.4845310526991,Aziz-u-Rehman Khosa/ Bahadur Khosa,Sohbat Pur,8.75
GBPS NEHAL UD DIN MAJHI,Sohbat Pur,28.5585003192789,68.5267058048588,Kareem Bakash Khosa,Sohbat Pur,7.25
GBPS NEHAL UD DIN MAJHI,Sohbat Pur,28.5585003192789,68.5267058048588,Akbar khayazai,Sohbat Pur,8.12
GBPS NASEER KHAN MANJHANI,Sohbat Pur,28.6014386651697,68.4194578213144,Kareem Bakash Khosa,Sohbat Pur,9.83
GBPS NASEER KHAN MANJHANI,Sohbat Pur,28.6014386651697,68.4194578213144,Aziz-u-Rehman Khosa/ Bahadur Khosa,Sohbat Pur,2.03
GBPS ABDUL RAOUF,Sohbat Pur,28.5759237403439,68.5750387599838,Kareem Bakash Khosa,Sohbat Pur,7.75
GBPS ABDUL RAOUF,Sohbat Pur,28.5759237403439,68.5750387599838,Akbar khayazai,Sohbat Pur,5.26
GBPS BAGAR,Sohbat Pur,28.5885242391472,68.5309565754764,Kareem Bakash Khosa,Sohbat Pur,4.1
GBPS BAGAR,Sohbat Pur,28.5885242391472,68.5309565754764,Akbar khayazai,Sohbat Pur,9.3
GBPS MASOOD ABAD,Sohbat Pur,28.5748159366874,68.5048898091164,Kareem Bakash Khosa,Sohbat Pur,5.51
GBPS MASOOD ABAD,Sohbat Pur,28.5748159366874,68.5048898091164,Aziz-u-Rehman Khosa/ Bahadur Khosa,Sohbat Pur,9.26
GBPS ABDUL QADAR  BHANGAR,Sohbat Pur,28.5629341682526,68.4991404348239,Kareem Bakash Khosa,Sohbat Pur,6.92
GBPS ABDUL QADAR  BHANGAR,Sohbat Pur,28.5629341682526,68.4991404348239,Aziz-u-Rehman Khosa/ Bahadur Khosa,Sohbat Pur,8.96
GBPS WALI MUHAMMAD KHOSA,Sohbat Pur,28.5769464823142,68.5333329680366,Kareem Bakash Khosa,Sohbat Pur,5.39
GBPS WALI MUHAMMAD KHOSA,Sohbat Pur,28.5769464823142,68.5333329680366,Akbar khayazai,Sohbat Pur,8.38
GBPS AHMED KHAN,Sohbat Pur,28.5401170380252,68.5484732461494,Kareem Bakash Khosa,Sohbat Pur,9.73
GBPS AHMED KHAN,Sohbat Pur,28.5401170380252,68.5484732461494,Akbar khayazai,Sohbat Pur,5.65
GBPS MUHAMMAD ALI ABDUL AZIZ,Sohbat Pur,28.5532323880192,68.5093745480167,Kareem Bakash Khosa,Sohbat Pur,7.81
GBPS MUHAMMAD ALI ABDUL AZIZ,Sohbat Pur,28.5532323880192,68.5093745480167,Akbar khayazai,Sohbat Pur,9.63
GBPS EID MUHAMMAD MENGAL,Sohbat Pur,28.5384381285933,68.539025773912,Kareem Bakash Khosa,Sohbat Pur,9.66
GBPS EID MUHAMMAD MENGAL,Sohbat Pur,28.5384381285933,68.539025773912,Akbar khayazai,Sohbat Pur,6.57
GBPS AHMED  ALI KHAN KHOSA,Sohbat Pur,28.5627099872881,68.4734888972514,Kareem Bakash Khosa,Sohbat Pur,7.95
GBPS AHMED  ALI KHAN KHOSA,Sohbat Pur,28.5627099872881,68.4734888972514,Aziz-u-Rehman Khosa/ Bahadur Khosa,Sohbat Pur,6.59
GBPS HOORAN KHAN,Sohbat Pur,28.5451089911952,68.5280143028709,Kareem Bakash Khosa,Sohbat Pur,8.74
GBPS HOORAN KHAN,Sohbat Pur,28.5451089911952,68.5280143028709,Akbar khayazai,Sohbat Pur,7.7
GBPS MUHAMMAD MURAD KHOSA,Sohbat Pur,28.52672031,68.4572263,Aziz-u-Rehman Khosa/ Bahadur Khosa,Sohbat Pur,7.86
GBMIDS JHAN ALI KHOSA,Sohbat Pur,28.53261117,68.42134196,Aziz-u-Rehman Khosa/ Bahadur Khosa,Sohbat Pur,5.86
GBHSS SOHBAT PUR,Sohbat Pur,28.5197072074361,68.5442209231716,Akbar khayazai,Sohbat Pur,6.36
GBPS RAHIM KHAN,Sohbat Pur,28.52018436,68.57925724,Akbar khayazai,Sohbat Pur,3.24
GBPS GHULAM MUSTAFA LEHRI,Sohbat Pur,28.475923235682,68.5442763638623,Akbar khayazai,Sohbat Pur,9.1
GBPS MOHBAT PUR,Sohbat Pur,28.4967573194895,68.5289259180331,Akbar khayazai,Sohbat Pur,8.79
GGMIDS SAEED MUHAMMAD KANRANI,Sohbat Pur,28.49140441,68.71146371,Raheem Bakhsh Kandrani,Sohbat Pur,6.56
GGMIDS SAEED MUHAMMAD KANRANI,Sohbat Pur,28.49140441,68.71146371,Muhammad Ashraf Lashari/Mula Basksh Jattak,Sohbat Pur,3.75
GGMIDS SAEED MUHAMMAD KANRANI,Sohbat Pur,28.49140441,68.71146371,Goth Gul Sher Kandrani,Sohbat Pur,4.95
GBPS SARDAR SHAH,Sohbat Pur,28.5051417301512,68.5275589774644,Akbar khayazai,Sohbat Pur,8.47
GBPS MUHAMMAD HANIF,Sohbat Pur,28.607088566766,68.4726098764282,Kareem Bakash Khosa,Sohbat Pur,4.69
GBPS MUHAMMAD HANIF,Sohbat Pur,28.607088566766,68.4726098764282,Aziz-u-Rehman Khosa/ Bahadur Khosa,Sohbat Pur,6.52
GBPS WAHID BAKHSH BROHI,Sohbat Pur,28.58575847,68.47398541,Kareem Bakash Khosa,Sohbat Pur,5.91
GBPS WAHID BAKHSH BROHI,Sohbat Pur,28.58575847,68.47398541,Aziz-u-Rehman Khosa/ Bahadur Khosa,Sohbat Pur,6.17
GBPS ABDUL GHAFOOR GAJANI,Sohbat Pur,28.4505993625251,68.7893394457056,Raheem Bakhsh Kandrani,Sohbat Pur,6.53
GBPS ABDUL GHAFOOR GAJANI,Sohbat Pur,28.4505993625251,68.7893394457056,Darya khan gajani/Arbab Pandrani,Sohbat Pur,4.71
GBPS ABDUL GHAFOOR GAJANI,Sohbat Pur,28.4505993625251,68.7893394457056,Goth Gul Sher Kandrani,Sohbat Pur,4.7
GBMIDS SAEED MUHAMMAD KHAN,Sohbat Pur,28.49165709,68.71199536,Raheem Bakhsh Kandrani,Sohbat Pur,6.57
GBMIDS SAEED MUHAMMAD KHAN,Sohbat Pur,28.49165709,68.71199536,Muhammad Ashraf Lashari/Mula Basksh Jattak,Sohbat Pur,3.77
GBMIDS SAEED MUHAMMAD KHAN,Sohbat Pur,28.49165709,68.71199536,Goth Gul Sher Kandrani,Sohbat Pur,4.9
GBPS GHULAM JAN KHAN,Sohbat Pur,28.48451143,68.72034715,Raheem Bakhsh Kandrani,Sohbat Pur,5.67
GBPS GHULAM JAN KHAN,Sohbat Pur,28.48451143,68.72034715,Muhammad Ashraf Lashari/Mula Basksh Jattak,Sohbat Pur,4.91
GBPS GHULAM JAN KHAN,Sohbat Pur,28.48451143,68.72034715,Goth Gul Sher Kandrani,Sohbat Pur,4.03
GBPS HAJI KUNRI,Sohbat Pur,28.4906359711239,68.5883868310298,Muhammad Ashraf Lashari/Mula Basksh Jattak,Sohbat Pur,9.57
GBPS HAJI KUNRI,Sohbat Pur,28.4906359711239,68.5883868310298,Akbar khayazai,Sohbat Pur,5.44
GBPS ATTA MUHAMMAD BROHI,Sohbat Pur,28.5149861644044,68.6207865632073,Muhammad Ashraf Lashari/Mula Basksh Jattak,Sohbat Pur,6.05
GBPS ATTA MUHAMMAD BROHI,Sohbat Pur,28.5149861644044,68.6207865632073,Akbar khayazai,Sohbat Pur,2.85
GBPS GHULAM RASOOL GAJANI,Sohbat Pur,28.4449398309513,68.8098632988258,Raheem Bakhsh Kandrani,Sohbat Pur,8.36
GBPS GHULAM RASOOL GAJANI,Sohbat Pur,28.4449398309513,68.8098632988258,Darya khan gajani/Arbab Pandrani,Sohbat Pur,3.03
GBPS GHULAM RASOOL GAJANI,Sohbat Pur,28.4449398309513,68.8098632988258,Goth Gul Sher Kandrani,Sohbat Pur,6.5
GGMIDS DIN MUHAMMAD KANRANI,Sohbat Pur,28.4357933017477,68.8568792372194,Darya khan gajani/Arbab Pandrani,Sohbat Pur,3.23
GBPS ZUNOO KHAN BUGTI,Sohbat Pur,28.4563627665804,68.8392529072446,Darya khan gajani/Arbab Pandrani,Sohbat Pur,0.38
GBPS ZUNOO KHAN BUGTI,Sohbat Pur,28.4563627665804,68.8392529072446,Goth Gul Sher Kandrani,Sohbat Pur,8.25
GBPS NABI DOST KUNRANI,Sohbat Pur,28.5051738247469,68.7220997012539,Raheem Bakhsh Kandrani,Sohbat Pur,7.94
GBPS NABI DOST KUNRANI,Sohbat Pur,28.5051738247469,68.7220997012539,Muhammad Ashraf Lashari/Mula Basksh Jattak,Sohbat Pur,3.98
GBPS NABI DOST KUNRANI,Sohbat Pur,28.5051738247469,68.7220997012539,Goth Gul Sher Kandrani,Sohbat Pur,4.45
GBPS MUHAMMAD MUSA LASHARI,Sohbat Pur,28.4326616331147,68.7184252436331,Raheem Bakhsh Kandrani,Sohbat Pur,0.7
GBPS MUHAMMAD MUSA LASHARI,Sohbat Pur,28.4326616331147,68.7184252436331,Muhammad Ashraf Lashari/Mula Basksh Jattak,Sohbat Pur,9.64
GBPS MUHAMMAD MUSA LASHARI,Sohbat Pur,28.4326616331147,68.7184252436331,Goth Gul Sher Kandrani,Sohbat Pur,7.18
GBPS MEHRBAN GAJANI,Sohbat Pur,28.4423659004754,68.8277000544433,Darya khan gajani/Arbab Pandrani,Sohbat Pur,2.02
GBPS MEHRBAN GAJANI,Sohbat Pur,28.4423659004754,68.8277000544433,Goth Gul Sher Kandrani,Sohbat Pur,8.03
GBPS MEERAN KHAN,Sohbat Pur,28.4992053579915,68.7381776941648,Raheem Bakhsh Kandrani,Sohbat Pur,7.38
GBPS MEERAN KHAN,Sohbat Pur,28.4992053579915,68.7381776941648,Muhammad Ashraf Lashari/Mula Basksh Jattak,Sohbat Pur,5.67
GBPS MEERAN KHAN,Sohbat Pur,28.4992053579915,68.7381776941648,Goth Gul Sher Kandrani,Sohbat Pur,2.77
GBPS NOOR UDDINB KANRANI,Sohbat Pur,28.51140349,68.68829918,Raheem Bakhsh Kandrani,Sohbat Pur,9.37
GBPS NOOR UDDINB KANRANI,Sohbat Pur,28.51140349,68.68829918,Muhammad Ashraf Lashari/Mula Basksh Jattak,Sohbat Pur,0.61
GBPS NOOR UDDINB KANRANI,Sohbat Pur,28.51140349,68.68829918,Akbar khayazai,Sohbat Pur,8.54
GBPS NOOR UDDINB KANRANI,Sohbat Pur,28.51140349,68.68829918,Goth Gul Sher Kandrani,Sohbat Pur,7.74
GBPS JAMAK GAJANI,Sohbat Pur,28.4435751596311,68.8125357918845,Raheem Bakhsh Kandrani,Sohbat Pur,8.59
GBPS JAMAK GAJANI,Sohbat Pur,28.4435751596311,68.8125357918845,Darya khan gajani/Arbab Pandrani,Sohbat Pur,2.89
GBPS JAMAK GAJANI,Sohbat Pur,28.4435751596311,68.8125357918845,Goth Gul Sher Kandrani,Sohbat Pur,6.79
GBPS ABDULLAH GAJANI,Sohbat Pur,28.4337522783092,68.8291583933618,Darya khan gajani/Arbab Pandrani,Sohbat Pur,2.87
GBPS ABDULLAH GAJANI,Sohbat Pur,28.4337522783092,68.8291583933618,Goth Gul Sher Kandrani,Sohbat Pur,8.74
GBPS ATTAR KHAN KANRANI,Sohbat Pur,28.4992154290019,68.7121763899654,Raheem Bakhsh Kandrani,Sohbat Pur,7.39
GBPS ATTAR KHAN KANRANI,Sohbat Pur,28.4992154290019,68.7121763899654,Muhammad Ashraf Lashari/Mula Basksh Jattak,Sohbat Pur,3.31
GBPS ATTAR KHAN KANRANI,Sohbat Pur,28.4992154290019,68.7121763899654,Goth Gul Sher Kandrani,Sohbat Pur,5.07
GBPS ABDUL REHMAN KHOSA,Sohbat Pur,28.52563058,68.43912554,Aziz-u-Rehman Khosa/ Bahadur Khosa,Sohbat Pur,7.1
GBMIDS MANDOST BUGTI,Sohbat Pur,28.451422960276,68.9311874488097,Darya khan gajani/Arbab Pandrani,Sohbat Pur,9.3
GGMIDS AZAM KHAN KHOSA,Sohbat Pur,28.5474239394802,68.5637533871355,Kareem Bakash Khosa,Sohbat Pur,9.58
GGMIDS AZAM KHAN KHOSA,Sohbat Pur,28.5474239394802,68.5637533871355,Akbar khayazai,Sohbat Pur,4.3
GGPS THADA KHAN GAJANI,Sohbat Pur,28.4722725465392,68.7553545756968,Raheem Bakhsh Kandrani,Sohbat Pur,5.19
GGPS THADA KHAN GAJANI,Sohbat Pur,28.4722725465392,68.7553545756968,Muhammad Ashraf Lashari/Mula Basksh Jattak,Sohbat Pur,8.47
GGPS THADA KHAN GAJANI,Sohbat Pur,28.4722725465392,68.7553545756968,Darya khan gajani/Arbab Pandrani,Sohbat Pur,8.09
GGPS THADA KHAN GAJANI,Sohbat Pur,28.4722725465392,68.7553545756968,Goth Gul Sher Kandrani,Sohbat Pur,1.54
GGHSS GHULAM MUHAMMAD KANRANI,Sohbat Pur,28.49407897,68.74537964,Raheem Bakhsh Kandrani,Sohbat Pur,6.98
GGHSS GHULAM MUHAMMAD KANRANI,Sohbat Pur,28.49407897,68.74537964,Muhammad Ashraf Lashari/Mula Basksh Jattak,Sohbat Pur,6.52
GGHSS GHULAM MUHAMMAD KANRANI,Sohbat Pur,28.49407897,68.74537964,Darya khan gajani/Arbab Pandrani,Sohbat Pur,9.75
GGHSS GHULAM MUHAMMAD KANRANI,Sohbat Pur,28.49407897,68.74537964,Goth Gul Sher Kandrani,Sohbat Pur,1.87
GGMIDS MUHAMMAD SALAH GAJANI,Sohbat Pur,28.4437744976336,68.8018917734019,Raheem Bakhsh Kandrani,Sohbat Pur,7.56
GGMIDS MUHAMMAD SALAH GAJANI,Sohbat Pur,28.4437744976336,68.8018917734019,Darya khan gajani/Arbab Pandrani,Sohbat Pur,3.78
GGMIDS MUHAMMAD SALAH GAJANI,Sohbat Pur,28.4437744976336,68.8018917734019,Goth Gul Sher Kandrani,Sohbat Pur,6.05
GGPS SIKANDAR KHAN JARWAR,Sohbat Pur,28.5304090080478,68.623145949042,Muhammad Ashraf Lashari/Mula Basksh Jattak,Sohbat Pur,6.11
GGPS SIKANDAR KHAN JARWAR,Sohbat Pur,28.5304090080478,68.623145949042,Akbar khayazai,Sohbat Pur,1.83
GGPS MEHER ULLAH KHAN KHOSA,Sohbat Pur,28.56803226,68.57906853,Kareem Bakash Khosa,Sohbat Pur,8.64
GGPS MEHER ULLAH KHAN KHOSA,Sohbat Pur,28.56803226,68.57906853,Akbar khayazai,Sohbat Pur,4.32
GGPS KHAIR PUR,Sohbat Pur,28.5006866972268,68.524595182545,Akbar khayazai,Sohbat Pur,8.95
GGPS GOTH ABDUL AZIZ GAJANI,Sohbat Pur,28.4394781338058,68.8151371756281,Raheem Bakhsh Kandrani,Sohbat Pur,8.8
GGPS GOTH ABDUL AZIZ GAJANI,Sohbat Pur,28.4394781338058,68.8151371756281,Darya khan gajani/Arbab Pandrani,Sohbat Pur,3.0
GGPS GOTH ABDUL AZIZ GAJANI,Sohbat Pur,28.4394781338058,68.8151371756281,Goth Gul Sher Kandrani,Sohbat Pur,7.29
GGMIDS MIR HASSAN KHOSA,Sohbat Pur,28.5239853458015,68.6153342983888,Muhammad Ashraf Lashari/Mula Basksh Jattak,Sohbat Pur,6.68
GGMIDS MIR HASSAN KHOSA,Sohbat Pur,28.5239853458015,68.6153342983888,Akbar khayazai,Sohbat Pur,1.72
GGPS CHUTTANI PUR,Sohbat Pur,28.5170459985736,68.6387025414932,Muhammad Ashraf Lashari/Mula Basksh Jattak,Sohbat Pur,4.31
GGPS CHUTTANI PUR,Sohbat Pur,28.5170459985736,68.6387025414932,Akbar khayazai,Sohbat Pur,3.89
GGPS JAHAN ALI KHOSA,Sohbat Pur,28.53184899,68.41934592,Aziz-u-Rehman Khosa/ Bahadur Khosa,Sohbat Pur,5.91
GGPS NOOR MUHAMMAD JARWAR,Sohbat Pur,28.55463546,68.60824863,Muhammad Ashraf Lashari/Mula Basksh Jattak,Sohbat Pur,8.58
GGPS NOOR MUHAMMAD JARWAR,Sohbat Pur,28.55463546,68.60824863,Akbar khayazai,Sohbat Pur,1.94
GGPS ALLAH WORAYA KHOSA,Sohbat Pur,28.5921891380751,68.464724965951,Kareem Bakash Khosa,Sohbat Pur,6.16
GGPS ALLAH WORAYA KHOSA,Sohbat Pur,28.5921891380751,68.464724965951,Aziz-u-Rehman Khosa/ Bahadur Khosa,Sohbat Pur,5.33
GGPS JUMAL BUGTI,Sohbat Pur,28.4572893830392,68.7905521268932,Raheem Bakhsh Kandrani,Sohbat Pur,6.89
GGPS JUMAL BUGTI,Sohbat Pur,28.4572893830392,68.7905521268932,Darya khan gajani/Arbab Pandrani,Sohbat Pur,4.51
GGPS JUMAL BUGTI,Sohbat Pur,28.4572893830392,68.7905521268932,Goth Gul Sher Kandrani,Sohbat Pur,4.19
GBPS KARAM KHAN GAJANI,Sohbat Pur,28.4738826990502,68.7689359966862,Raheem Bakhsh Kandrani,Sohbat Pur,6.17
GBPS KARAM KHAN GAJANI,Sohbat Pur,28.4738826990502,68.7689359966862,Muhammad Ashraf Lashari/Mula Basksh Jattak,Sohbat Pur,9.53
GBPS KARAM KHAN GAJANI,Sohbat Pur,28.4738826990502,68.7689359966862,Darya khan gajani/Arbab Pandrani,Sohbat Pur,6.83
GBPS KARAM KHAN GAJANI,Sohbat Pur,28.4738826990502,68.7689359966862,Goth Gul Sher Kandrani,Sohbat Pur,1.44
GGHS JHANDA TALAH,Sohbat Pur,28.57740788,68.48435971,Kareem Bakash Khosa,Sohbat Pur,6.0
GGHS JHANDA TALAH,Sohbat Pur,28.57740788,68.48435971,Aziz-u-Rehman Khosa/ Bahadur Khosa,Sohbat Pur,7.23
GGPS SHAHDAD GAJANI,Sohbat Pur,28.4364751793761,68.8146119800284,Raheem Bakhsh Kandrani,Sohbat Pur,8.73
GGPS SHAHDAD GAJANI,Sohbat Pur,28.4364751793761,68.8146119800284,Darya khan gajani/Arbab Pandrani,Sohbat Pur,3.28
GGPS SHAHDAD GAJANI,Sohbat Pur,28.4364751793761,68.8146119800284,Goth Gul Sher Kandrani,Sohbat Pur,7.49
GGMIDS SHAMS UD DIN,Sohbat Pur,28.5823508334278,68.4599333423383,Kareem Bakash Khosa,Sohbat Pur,7.19
GGMIDS SHAMS UD DIN,Sohbat Pur,28.5823508334278,68.4599333423383,Aziz-u-Rehman Khosa/ Bahadur Khosa,Sohbat Pur,4.8
GGPS MEHAR ALI,Sohbat Pur,28.5137552759079,68.5077755690685,Akbar khayazai,Sohbat Pur,9.97
GBPS HAMZA KHAN KHOSA,Sohbat Pur,28.4398077544961,68.6904697276382,Raheem Bakhsh Kandrani,Sohbat Pur,3.51
GBPS HAMZA KHAN KHOSA,Sohbat Pur,28.4398077544961,68.6904697276382,Muhammad Ashraf Lashari/Mula Basksh Jattak,Sohbat Pur,8.22
GBPS HAMZA KHAN KHOSA,Sohbat Pur,28.4398077544961,68.6904697276382,Goth Gul Sher Kandrani,Sohbat Pur,8.58
GGPS KOHKAR MUHALLAH,Sohbat Pur,28.4295451462183,68.6680462805976,Raheem Bakhsh Kandrani,Sohbat Pur,5.65
GGPS KOHKAR MUHALLAH,Sohbat Pur,28.4295451462183,68.6680462805976,Muhammad Ashraf Lashari/Mula Basksh Jattak,Sohbat Pur,9.43
GGPS ALI MURAD BROHI,Sohbat Pur,28.4292306632227,68.7545984589938,Raheem Bakhsh Kandrani,Sohbat Pur,2.89
GGPS ALI MURAD BROHI,Sohbat Pur,28.4292306632227,68.7545984589938,Darya khan gajani/Arbab Pandrani,Sohbat Pur,8.67
GGPS ALI MURAD BROHI,Sohbat Pur,28.4292306632227,68.7545984589938,Goth Gul Sher Kandrani,Sohbat Pur,6.23
GGPS NOOR UD DIN GAJANI,Sohbat Pur,28.4523342323176,68.7876854766821,Raheem Bakhsh Kandrani,Sohbat Pur,6.43
GGPS NOOR UD DIN GAJANI,Sohbat Pur,28.4523342323176,68.7876854766821,Darya khan gajani/Arbab Pandrani,Sohbat Pur,4.84
GGPS NOOR UD DIN GAJANI,Sohbat Pur,28.4523342323176,68.7876854766821,Goth Gul Sher Kandrani,Sohbat Pur,4.45
GGPS SHAFQAT KHOSA,Sohbat Pur,28.4337230929955,68.6626613091689,Raheem Bakhsh Kandrani,Sohbat Pur,6.16
GGPS SHAFQAT KHOSA,Sohbat Pur,28.4337230929955,68.6626613091689,Muhammad Ashraf Lashari/Mula Basksh Jattak,Sohbat Pur,9.07
GGHS MUREED KHAN BAROHI,Sohbat Pur,28.4305040175536,68.7522520545629,Raheem Bakhsh Kandrani,Sohbat Pur,2.64
GGHS MUREED KHAN BAROHI,Sohbat Pur,28.4305040175536,68.7522520545629,Darya khan gajani/Arbab Pandrani,Sohbat Pur,8.83
GGHS MUREED KHAN BAROHI,Sohbat Pur,28.4305040175536,68.7522520545629,Goth Gul Sher Kandrani,Sohbat Pur,6.12
GBHS ZAFAR ALI,Sohbat Pur,28.53102959,68.41990386,Aziz-u-Rehman Khosa/ Bahadur Khosa,Sohbat Pur,6.01
GGPS IZHAR KHOSA,Sohbat Pur,28.5964286363189,68.4901387780181,Kareem Bakash Khosa,Sohbat Pur,3.97
GGPS IZHAR KHOSA,Sohbat Pur,28.5964286363189,68.4901387780181,Aziz-u-Rehman Khosa/ Bahadur Khosa,Sohbat Pur,7.86
GGPS DATA KHAN KANRANI,Sohbat Pur,28.5061170973896,68.699740480054,Raheem Bakhsh Kandrani,Sohbat Pur,8.43
GGPS DATA KHAN KANRANI,Sohbat Pur,28.5061170973896,68.699740480054,Muhammad Ashraf Lashari/Mula Basksh Jattak,Sohbat Pur,1.87
GGPS DATA KHAN KANRANI,Sohbat Pur,28.5061170973896,68.699740480054,Akbar khayazai,Sohbat Pur,9.79
GGPS DATA KHAN KANRANI,Sohbat Pur,28.5061170973896,68.699740480054,Goth Gul Sher Kandrani,Sohbat Pur,6.48
GGPS ABDUL QADAR BANGAR,Sohbat Pur,28.5635591814229,68.4983555878749,Kareem Bakash Khosa,Sohbat Pur,6.87
GGPS ABDUL QADAR BANGAR,Sohbat Pur,28.5635591814229,68.4983555878749,Aziz-u-Rehman Khosa/ Bahadur Khosa,Sohbat Pur,8.87
GGPS MUHAMMAD RAHIM KANRANI,Sohbat Pur,28.4677129624492,68.7335805174666,Raheem Bakhsh Kandrani,Sohbat Pur,3.87
GGPS MUHAMMAD RAHIM KANRANI,Sohbat Pur,28.4677129624492,68.7335805174666,Muhammad Ashraf Lashari/Mula Basksh Jattak,Sohbat Pur,7.13
GGPS MUHAMMAD RAHIM KANRANI,Sohbat Pur,28.4677129624492,68.7335805174666,Goth Gul Sher Kandrani,Sohbat Pur,3.34
GGPS ABDUL GHANI KANRANI,Sohbat Pur,28.4964226180456,68.7366329443841,Raheem Bakhsh Kandrani,Sohbat Pur,7.05
GGPS ABDUL GHANI KANRANI,Sohbat Pur,28.4964226180456,68.7366329443841,Muhammad Ashraf Lashari/Mula Basksh Jattak,Sohbat Pur,5.62
GGPS ABDUL GHANI KANRANI,Sohbat Pur,28.4964226180456,68.7366329443841,Goth Gul Sher Kandrani,Sohbat Pur,2.74
GGPS ABDUL RAHIM KANRANI,Sohbat Pur,28.4797606044061,68.728435372416,Raheem Bakhsh Kandrani,Sohbat Pur,5.13
GGPS ABDUL RAHIM KANRANI,Sohbat Pur,28.4797606044061,68.728435372416,Muhammad Ashraf Lashari/Mula Basksh Jattak,Sohbat Pur,5.85
GGPS ABDUL RAHIM KANRANI,Sohbat Pur,28.4797606044061,68.728435372416,Goth Gul Sher Kandrani,Sohbat Pur,3.29
GGPS  RASOOL BAKHSH KHOSA,Sohbat Pur,28.5659775657791,68.5571274248124,Kareem Bakash Khosa,Sohbat Pur,7.48
GGPS  RASOOL BAKHSH KHOSA,Sohbat Pur,28.5659775657791,68.5571274248124,Akbar khayazai,Sohbat Pur,5.76
GBPS ABDUL WAHEED,Sohbat Pur,28.5973573887857,68.5769079233367,Kareem Bakash Khosa,Sohbat Pur,6.54
GBPS ABDUL WAHEED,Sohbat Pur,28.5973573887857,68.5769079233367,Akbar khayazai,Sohbat Pur,7.26
GBPS MULLA WASAN LASHARI,Sohbat Pur,28.4827762154296,68.7058629615663,Raheem Bakhsh Kandrani,Sohbat Pur,5.78
GBPS MULLA WASAN LASHARI,Sohbat Pur,28.4827762154296,68.7058629615663,Muhammad Ashraf Lashari/Mula Basksh Jattak,Sohbat Pur,4.11
GBPS MULLA WASAN LASHARI,Sohbat Pur,28.4827762154296,68.7058629615663,Goth Gul Sher Kandrani,Sohbat Pur,5.45
GGPS MUHAMMAD AMIN GAJANI,Sohbat Pur,28.4457744428821,68.7953059806333,Raheem Bakhsh Kandrani,Sohbat Pur,6.97
GGPS MUHAMMAD AMIN GAJANI,Sohbat Pur,28.4457744428821,68.7953059806333,Darya khan gajani/Arbab Pandrani,Sohbat Pur,4.29
GGPS MUHAMMAD AMIN GAJANI,Sohbat Pur,28.4457744428821,68.7953059806333,Goth Gul Sher Kandrani,Sohbat Pur,5.47
GGPS ABDUL RAUF KHOSA,Sohbat Pur,28.576723140552,68.5757724410603,Kareem Bakash Khosa,Sohbat Pur,7.74
GGPS ABDUL RAUF KHOSA,Sohbat Pur,28.576723140552,68.5757724410603,Akbar khayazai,Sohbat Pur,5.29
GGPS GHULAM RASOOL KHOSA,Sohbat Pur,28.54868534,68.42464218,Aziz-u-Rehman Khosa/ Bahadur Khosa,Sohbat Pur,4.21
GGPS RUSTAM GAJANI,Sohbat Pur,28.4286377289337,68.8430449591842,Darya khan gajani/Arbab Pandrani,Sohbat Pur,3.4
GGMIDS ALI ABAD GOLA,Sohbat Pur,28.4912074753649,68.5693990644894,Akbar khayazai,Sohbat Pur,6.24
GGMIDS SAKHI DUR MUHAMMAD,Sohbat Pur,28.541764748324,68.5474412040321,Kareem Bakash Khosa,Sohbat Pur,9.52
GGMIDS SAKHI DUR MUHAMMAD,Sohbat Pur,28.541764748324,68.5474412040321,Akbar khayazai,Sohbat Pur,5.77
GBPS BAHADUR KHAN KANRANI,Sohbat Pur,28.4865250921017,68.7400528089918,Raheem Bakhsh Kandrani,Sohbat Pur,6.04
GBPS BAHADUR KHAN KANRANI,Sohbat Pur,28.4865250921017,68.7400528089918,Muhammad Ashraf Lashari/Mula Basksh Jattak,Sohbat Pur,6.38
GBPS BAHADUR KHAN KANRANI,Sohbat Pur,28.4865250921017,68.7400528089918,Darya khan gajani/Arbab Pandrani,Sohbat Pur,9.94
GBPS BAHADUR KHAN KANRANI,Sohbat Pur,28.4865250921017,68.7400528089918,Goth Gul Sher Kandrani,Sohbat Pur,2.1
GBPS ABDUL MAJEED LEHRI,Sohbat Pur,28.4660422648944,68.5525091878531,Akbar khayazai,Sohbat Pur,9.47
GBPS MUHAMMAD ALI,Sohbat Pur,28.56724671,68.43595844,Aziz-u-Rehman Khosa/ Bahadur Khosa,Sohbat Pur,3.12
GGPS MUHAMMAD HAYAT KHOSA,Sohbat Pur,28.54148352,68.42683243,Aziz-u-Rehman Khosa/ Bahadur Khosa,Sohbat Pur,5.03
GGPS SAWAN KHAN  KANARANI,Sohbat Pur,28.4822827408996,68.7237417040698,Raheem Bakhsh Kandrani,Sohbat Pur,5.4
GGPS SAWAN KHAN  KANARANI,Sohbat Pur,28.4822827408996,68.7237417040698,Muhammad Ashraf Lashari/Mula Basksh Jattak,Sohbat Pur,5.32
GGPS SAWAN KHAN  KANARANI,Sohbat Pur,28.4822827408996,68.7237417040698,Goth Gul Sher Kandrani,Sohbat Pur,3.71
GGMIDS LASHKAR KHAN KANARANI,Sohbat Pur,28.4994358390136,68.6998098809338,Raheem Bakhsh Kandrani,Sohbat Pur,7.72
GGMIDS LASHKAR KHAN KANARANI,Sohbat Pur,28.4994358390136,68.6998098809338,Muhammad Ashraf Lashari/Mula Basksh Jattak,Sohbat Pur,2.31
GGMIDS LASHKAR KHAN KANARANI,Sohbat Pur,28.4994358390136,68.6998098809338,Goth Gul Sher Kandrani,Sohbat Pur,6.24
GGPS NAZEER MUHAMMAD KANRANI,Sohbat Pur,28.4968375054057,68.7122862805673,Raheem Bakhsh Kandrani,Sohbat Pur,7.13
GGPS NAZEER MUHAMMAD KANRANI,Sohbat Pur,28.4968375054057,68.7122862805673,Muhammad Ashraf Lashari/Mula Basksh Jattak,Sohbat Pur,3.45
GGPS NAZEER MUHAMMAD KANRANI,Sohbat Pur,28.4968375054057,68.7122862805673,Goth Gul Sher Kandrani,Sohbat Pur,4.99
GGPS JUMA KHAN BAJWANI,Sohbat Pur,28.4386189855505,68.9276608820175,Darya khan gajani/Arbab Pandrani,Sohbat Pur,9.2
GGPS KARIM BAIG KANARANI,Sohbat Pur,28.4709367828434,68.7355187720483,Raheem Bakhsh Kandrani,Sohbat Pur,4.26
GGPS KARIM BAIG KANARANI,Sohbat Pur,28.4709367828434,68.7355187720483,Muhammad Ashraf Lashari/Mula Basksh Jattak,Sohbat Pur,7.02
GGPS KARIM BAIG KANARANI,Sohbat Pur,28.4709367828434,68.7355187720483,Darya khan gajani/Arbab Pandrani,Sohbat Pur,9.99
GGPS KARIM BAIG KANARANI,Sohbat Pur,28.4709367828434,68.7355187720483,Goth Gul Sher Kandrani,Sohbat Pur,2.99
GBPS JAN MUHAMMAD AT MUHAMMAD BUKHSH,Sohbat Pur,28.4348043226868,68.8816638153713,Darya khan gajani/Arbab Pandrani,Sohbat Pur,5.16
GBPS SIFAL KHAN BAJKANI,Sohbat Pur,28.4302668706548,68.8958105802548,Darya khan gajani/Arbab Pandrani,Sohbat Pur,6.61
GBPS HAJI RASOOL BUKHSH BEHRANI,Sohbat Pur,28.4370047963484,68.8411132286038,Darya khan gajani/Arbab Pandrani,Sohbat Pur,2.45
GBPS HAJI RASOOL BUKHSH BEHRANI,Sohbat Pur,28.4370047963484,68.8411132286038,Goth Gul Sher Kandrani,Sohbat Pur,9.45
GBPS AFTAB AHMED,Sohbat Pur,28.5824096025142,68.5014448156906,Kareem Bakash Khosa,Sohbat Pur,4.78
GBPS AFTAB AHMED,Sohbat Pur,28.5824096025142,68.5014448156906,Aziz-u-Rehman Khosa/ Bahadur Khosa,Sohbat Pur,8.86
GBPS MUHAMMAD SADIQ BEHRANI,Sohbat Pur,28.4730584125434,68.7543548847863,Raheem Bakhsh Kandrani,Sohbat Pur,5.21
GBPS MUHAMMAD SADIQ BEHRANI,Sohbat Pur,28.4730584125434,68.7543548847863,Muhammad Ashraf Lashari/Mula Basksh Jattak,Sohbat Pur,8.34
GBPS MUHAMMAD SADIQ BEHRANI,Sohbat Pur,28.4730584125434,68.7543548847863,Darya khan gajani/Arbab Pandrani,Sohbat Pur,8.21
GBPS MUHAMMAD SADIQ BEHRANI,Sohbat Pur,28.4730584125434,68.7543548847863,Goth Gul Sher Kandrani,Sohbat Pur,1.5
GBPS DIN MUHAMMAD SADIQANI,Sohbat Pur,28.55966404,68.45316313,Kareem Bakash Khosa,Sohbat Pur,9.42
GBPS DIN MUHAMMAD SADIQANI,Sohbat Pur,28.55966404,68.45316313,Aziz-u-Rehman Khosa/ Bahadur Khosa,Sohbat Pur,4.98
GGPS SOHBAT PUR (GOLA COLONY),Sohbat Pur,28.5224535150374,68.5471828025896,Akbar khayazai,Sohbat Pur,6.0
GGPS JUMA KHAN KHOSA,Sohbat Pur,28.4562079773464,68.6013214746514,Akbar khayazai,Sohbat Pur,8.99
GGMIDS SHAH MUHAMMAD NANDWANI,Sohbat Pur,28.4366735632463,68.8640021942923,Darya khan gajani/Arbab Pandrani,Sohbat Pur,3.64
GGMIDS NASAR UD DIN KHALANI,Sohbat Pur,28.6267495491655,68.5088806007773,Kareem Bakash Khosa,Sohbat Pur,0.87
GGMIDS DEH GHARI,Sohbat Pur,28.6034668909689,68.4459204118853,Kareem Bakash Khosa,Sohbat Pur,7.28
GGMIDS DEH GHARI,Sohbat Pur,28.6034668909689,68.4459204118853,Aziz-u-Rehman Khosa/ Bahadur Khosa,Sohbat Pur,4.0
GGPS FEROZ KHAN KANRANI,Sohbat Pur,28.49204267,68.73288891,Raheem Bakhsh Kandrani,Sohbat Pur,6.52
GGPS FEROZ KHAN KANRANI,Sohbat Pur,28.49204267,68.73288891,Muhammad Ashraf Lashari/Mula Basksh Jattak,Sohbat Pur,5.48
GGPS FEROZ KHAN KANRANI,Sohbat Pur,28.49204267,68.73288891,Goth Gul Sher Kandrani,Sohbat Pur,2.9
GGPS TAGIA KHAN NANDWANI,Sohbat Pur,28.435404006644,68.8718769469848,Darya khan gajani/Arbab Pandrani,Sohbat Pur,4.32
GGPS NOZ BUND,Sohbat Pur,28.5406205546707,68.5716933992816,Akbar khayazai,Sohbat Pur,3.39
GGPS YASEEN ABAD KHOSA,Sohbat Pur,28.51704715,68.56025738,Akbar khayazai,Sohbat Pur,5.01
GGPS JUMA KHAN MANGAL,Sohbat Pur,28.4265912094336,68.7441434188047,Raheem Bakhsh Kandrani,Sohbat Pur,1.98
GGPS JUMA KHAN MANGAL,Sohbat Pur,28.4265912094336,68.7441434188047,Darya khan gajani/Arbab Pandrani,Sohbat Pur,9.73
GGPS JUMA KHAN MANGAL,Sohbat Pur,28.4265912094336,68.7441434188047,Goth Gul Sher Kandrani,Sohbat Pur,6.7
GBPS ABDUL QADAR SHAH,Sohbat Pur,28.4557972335596,68.6304428176188,Raheem Bakhsh Kandrani,Sohbat Pur,9.64
GBPS ABDUL QADAR SHAH,Sohbat Pur,28.4557972335596,68.6304428176188,Muhammad Ashraf Lashari/Mula Basksh Jattak,Sohbat Pur,8.2
GBPS ABDUL QADAR SHAH,Sohbat Pur,28.4557972335596,68.6304428176188,Akbar khayazai,Sohbat Pur,9.33
GBPS JALAL-UD-DIN KANRANI,Sohbat Pur,28.5406226539301,68.5017750021009,Kareem Bakash Khosa,Sohbat Pur,9.29
GGMIDS SARDAR LASHARI,Sohbat Pur,28.4989642166452,68.6891604617689,Raheem Bakhsh Kandrani,Sohbat Pur,8.08
GGMIDS SARDAR LASHARI,Sohbat Pur,28.4989642166452,68.6891604617689,Muhammad Ashraf Lashari/Mula Basksh Jattak,Sohbat Pur,1.75
GGMIDS SARDAR LASHARI,Sohbat Pur,28.4989642166452,68.6891604617689,Akbar khayazai,Sohbat Pur,9.17
GGMIDS SARDAR LASHARI,Sohbat Pur,28.4989642166452,68.6891604617689,Goth Gul Sher Kandrani,Sohbat Pur,7.25
GGPS HOUT KHAN KHOSA,Sohbat Pur,28.5763921432404,68.6038991485332,Kareem Bakash Khosa,Sohbat Pur,9.98
GGPS HOUT KHAN KHOSA,Sohbat Pur,28.5763921432404,68.6038991485332,Akbar khayazai,Sohbat Pur,4.35
GGPS HAFIZ ROSHAN DIN,Sohbat Pur,28.6358234715914,68.5154529322881,Kareem Bakash Khosa,Sohbat Pur,1.39
GGPS ISMAIL GAJANI,Sohbat Pur,28.4702557999634,68.7698396715062,Raheem Bakhsh Kandrani,Sohbat Pur,5.95
GGPS ISMAIL GAJANI,Sohbat Pur,28.4702557999634,68.7698396715062,Muhammad Ashraf Lashari/Mula Basksh Jattak,Sohbat Pur,9.8
GGPS ISMAIL GAJANI,Sohbat Pur,28.4702557999634,68.7698396715062,Darya khan gajani/Arbab Pandrani,Sohbat Pur,6.66
GGPS ISMAIL GAJANI,Sohbat Pur,28.4702557999634,68.7698396715062,Goth Gul Sher Kandrani,Sohbat Pur,1.84
GGPS UMAR KHAN KHOSA,Sohbat Pur,28.5268029494212,68.5864147956164,Muhammad Ashraf Lashari/Mula Basksh Jattak,Sohbat Pur,9.53
GGPS UMAR KHAN KHOSA,Sohbat Pur,28.5268029494212,68.5864147956164,Akbar khayazai,Sohbat Pur,2.25
GGPS MUHAMMAD AMIN KUNRANI,Sohbat Pur,28.467652207483,68.7433336612104,Raheem Bakhsh Kandrani,Sohbat Pur,4.16
GGPS MUHAMMAD AMIN KUNRANI,Sohbat Pur,28.467652207483,68.7433336612104,Muhammad Ashraf Lashari/Mula Basksh Jattak,Sohbat Pur,7.83
GGPS MUHAMMAD AMIN KUNRANI,Sohbat Pur,28.467652207483,68.7433336612104,Darya khan gajani/Arbab Pandrani,Sohbat Pur,9.18
GGPS MUHAMMAD AMIN KUNRANI,Sohbat Pur,28.467652207483,68.7433336612104,Goth Gul Sher Kandrani,Sohbat Pur,2.62
GGPS IBRAHIM KHOSA,Sohbat Pur,28.6206369388774,68.4783325347708,Kareem Bakash Khosa,Sohbat Pur,3.78
GGPS IBRAHIM KHOSA,Sohbat Pur,28.6206369388774,68.4783325347708,Aziz-u-Rehman Khosa/ Bahadur Khosa,Sohbat Pur,7.7
GGPS HAJI MUHAMMAD ISMAIL KHOSA,Sohbat Pur,28.498090315779,68.6075317700646,Muhammad Ashraf Lashari/Mula Basksh Jattak,Sohbat Pur,7.55
GGPS HAJI MUHAMMAD ISMAIL KHOSA,Sohbat Pur,28.498090315779,68.6075317700646,Akbar khayazai,Sohbat Pur,4.34
GGPS RAB NAWAZ GAJANI,Sohbat Pur,28.4413638728472,68.8010671594003,Raheem Bakhsh Kandrani,Sohbat Pur,7.45
GGPS RAB NAWAZ GAJANI,Sohbat Pur,28.4413638728472,68.8010671594003,Darya khan gajani/Arbab Pandrani,Sohbat Pur,3.98
GGPS RAB NAWAZ GAJANI,Sohbat Pur,28.4413638728472,68.8010671594003,Goth Gul Sher Kandrani,Sohbat Pur,6.21
GGPS DAIM KHAN GAJANI,Sohbat Pur,28.4375518034223,68.8372776686893,Darya khan gajani/Arbab Pandrani,Sohbat Pur,2.35
GGPS DAIM KHAN GAJANI,Sohbat Pur,28.4375518034223,68.8372776686893,Goth Gul Sher Kandrani,Sohbat Pur,9.1
GGPS KARIM DAD KUNDRANI,Sohbat Pur,28.5133799653387,68.5427504257236,Akbar khayazai,Sohbat Pur,6.74
GBPS GANJOO KHAN BUGTI,Sohbat Pur,28.4404813989909,68.9169694212266,Darya khan gajani/Arbab Pandrani,Sohbat Pur,8.13
GBMIDS SAWAN KHAN,Sohbat Pur,28.4826431247313,68.7230633843609,Raheem Bakhsh Kandrani,Sohbat Pur,5.44
GBMIDS SAWAN KHAN,Sohbat Pur,28.4826431247313,68.7230633843609,Muhammad Ashraf Lashari/Mula Basksh Jattak,Sohbat Pur,5.24
GBMIDS SAWAN KHAN,Sohbat Pur,28.4826431247313,68.7230633843609,Goth Gul Sher Kandrani,Sohbat Pur,3.77
GBPS MUHAMMAD IBRAHIM BROHI,Sohbat Pur,28.5196000763849,68.5503600106614,Akbar khayazai,Sohbat Pur,5.8
GBPS NABI BAKHSH BEHRANI,Sohbat Pur,28.4372367227057,68.8398496793372,Darya khan gajani/Arbab Pandrani,Sohbat Pur,2.41
GBPS NABI BAKHSH BEHRANI,Sohbat Pur,28.4372367227057,68.8398496793372,Goth Gul Sher Kandrani,Sohbat Pur,9.33
GBPS MUHAMMAD ISMAIL LANGOO,Sohbat Pur,28.4302494336669,68.6331846335052,Raheem Bakhsh Kandrani,Sohbat Pur,9.06
GBPS ARZ MUHAMMAD NANDWANI,Sohbat Pur,28.4392264073362,68.8632039328507,Darya khan gajani/Arbab Pandrani,Sohbat Pur,3.39
GBPS JAN MUHAMAD CHELIANI,Sohbat Pur,28.4334280967209,68.8324684525914,Darya khan gajani/Arbab Pandrani,Sohbat Pur,2.84
GBPS JAN MUHAMAD CHELIANI,Sohbat Pur,28.4334280967209,68.8324684525914,Goth Gul Sher Kandrani,Sohbat Pur,9.01
GBPS PANDHI KHAN NANDWANI,Sohbat Pur,28.4338132059275,68.8254553520518,Raheem Bakhsh Kandrani,Sohbat Pur,9.79
GBPS PANDHI KHAN NANDWANI,Sohbat Pur,28.4338132059275,68.8254553520518,Darya khan gajani/Arbab Pandrani,Sohbat Pur,2.97
GBPS PANDHI KHAN NANDWANI,Sohbat Pur,28.4338132059275,68.8254553520518,Goth Gul Sher Kandrani,Sohbat Pur,8.46
GBPS KHAMAN KHAN,Sohbat Pur,28.4356121435825,68.8438819745794,Darya khan gajani/Arbab Pandrani,Sohbat Pur,2.67
GBPS KHAMAN KHAN,Sohbat Pur,28.4356121435825,68.8438819745794,Goth Gul Sher Kandrani,Sohbat Pur,9.76
GBPS AZIZULLAH BEHRANI,Sohbat Pur,28.4382472544382,68.8447001330842,Darya khan gajani/Arbab Pandrani,Sohbat Pur,2.41
GBPS AZIZULLAH BEHRANI,Sohbat Pur,28.4382472544382,68.8447001330842,Goth Gul Sher Kandrani,Sohbat Pur,9.66
GGPS GAJI KHAN GAJAN,Sohbat Pur,28.4705854069786,68.7656749880209,Raheem Bakhsh Kandrani,Sohbat Pur,5.68
GGPS GAJI KHAN GAJAN,Sohbat Pur,28.4705854069786,68.7656749880209,Muhammad Ashraf Lashari/Mula Basksh Jattak,Sohbat Pur,9.43
GGPS GAJI KHAN GAJAN,Sohbat Pur,28.4705854069786,68.7656749880209,Darya khan gajani/Arbab Pandrani,Sohbat Pur,7.06
GGPS GAJI KHAN GAJAN,Sohbat Pur,28.4705854069786,68.7656749880209,Goth Gul Sher Kandrani,Sohbat Pur,1.66
GBPS SUDHA KHAN NANDWANI,Sohbat Pur,28.4459104472251,68.8592593069887,Darya khan gajani/Arbab Pandrani,Sohbat Pur,2.64
GBPS BAJHI KHAN GAJANI,Sohbat Pur,28.4304022795562,68.8391191644706,Darya khan gajani/Arbab Pandrani,Sohbat Pur,3.16
GBPS BAJHI KHAN GAJANI,Sohbat Pur,28.4304022795562,68.8391191644706,Goth Gul Sher Kandrani,Sohbat Pur,9.72
GGPS RASOOL BAKHSH BEHRANI,Sohbat Pur,28.4367151081221,68.8411348917114,Darya khan gajani/Arbab Pandrani,Sohbat Pur,2.49
GGPS RASOOL BAKHSH BEHRANI,Sohbat Pur,28.4367151081221,68.8411348917114,Goth Gul Sher Kandrani,Sohbat Pur,9.47
GBPS AZMAT KHAN BUGTI,Sohbat Pur,28.4690220595465,68.9253916698201,Darya khan gajani/Arbab Pandrani,Sohbat Pur,8.77
GBPS PANDHI KHAN GAJANI,Sohbat Pur,28.4497899923268,68.8190614581904,Raheem Bakhsh Kandrani,Sohbat Pur,9.34
GBPS PANDHI KHAN GAJANI,Sohbat Pur,28.4497899923268,68.8190614581904,Darya khan gajani/Arbab Pandrani,Sohbat Pur,1.98
GBPS PANDHI KHAN GAJANI,Sohbat Pur,28.4497899923268,68.8190614581904,Goth Gul Sher Kandrani,Sohbat Pur,6.86
GBPS MUHAMMAD AMIN GAJANI,Sohbat Pur,28.4460832866485,68.7952167892304,Raheem Bakhsh Kandrani,Sohbat Pur,6.96
GBPS MUHAMMAD AMIN GAJANI,Sohbat Pur,28.4460832866485,68.7952167892304,Darya khan gajani/Arbab Pandrani,Sohbat Pur,4.29
GBPS MUHAMMAD AMIN GAJANI,Sohbat Pur,28.4460832866485,68.7952167892304,Goth Gul Sher Kandrani,Sohbat Pur,5.44
GBPS MUHAMMAD AMIN KHOSA,Sohbat Pur,28.5936494868933,68.4569020392203,Kareem Bakash Khosa,Sohbat Pur,6.73
GBPS MUHAMMAD AMIN KHOSA,Sohbat Pur,28.5936494868933,68.4569020392203,Aziz-u-Rehman Khosa/ Bahadur Khosa,Sohbat Pur,4.6
GBPS MUHAMMAD AZAD BROHI,Sohbat Pur,28.5911731872047,68.4602330472062,Kareem Bakash Khosa,Sohbat Pur,6.59
GBPS MUHAMMAD AZAD BROHI,Sohbat Pur,28.5911731872047,68.4602330472062,Aziz-u-Rehman Khosa/ Bahadur Khosa,Sohbat Pur,4.87
GBPS ABDUL SATTAR KHOSA,Sohbat Pur,28.5328217087649,68.5064753496646,Akbar khayazai,Sohbat Pur,9.77
GGPS AYUB KANRANI,Sohbat Pur,28.4514471491447,68.8752223635294,Darya khan gajani/Arbab Pandrani,Sohbat Pur,3.87
GGPS HAJI DILDAR KHAN KHOSA,Sohbat Pur,28.5401445438603,68.4844288926921,Kareem Bakash Khosa,Sohbat Pur,9.75
GGPS HAJI DILDAR KHAN KHOSA,Sohbat Pur,28.5401445438603,68.4844288926921,Aziz-u-Rehman Khosa/ Bahadur Khosa,Sohbat Pur,8.72
GGPS AKBAR DIN,Sohbat Pur,28.6257085937113,68.4863643721721,Kareem Bakash Khosa,Sohbat Pur,2.99
GGPS AKBAR DIN,Sohbat Pur,28.6257085937113,68.4863643721721,Aziz-u-Rehman Khosa/ Bahadur Khosa,Sohbat Pur,8.66
GBPS IMTIAZ KHAN GOLA,Sohbat Pur,28.5009720927049,68.5477339106032,Akbar khayazai,Sohbat Pur,6.98
GGMIDS AKBAR KHAN KHOSA,Sohbat Pur,28.4297170613378,68.6515457834346,Raheem Bakhsh Kandrani,Sohbat Pur,7.26
GGMIDS AKBAR KHAN KHOSA,Sohbat Pur,28.4297170613378,68.6515457834346,Muhammad Ashraf Lashari/Mula Basksh Jattak,Sohbat Pur,9.79
GGPS SHAH MUHAMMED KANRANI,Sohbat Pur,28.4723217485318,68.7333042450645,Raheem Bakhsh Kandrani,Sohbat Pur,4.36
GGPS SHAH MUHAMMED KANRANI,Sohbat Pur,28.4723217485318,68.7333042450645,Muhammad Ashraf Lashari/Mula Basksh Jattak,Sohbat Pur,6.76
GGPS SHAH MUHAMMED KANRANI,Sohbat Pur,28.4723217485318,68.7333042450645,Goth Gul Sher Kandrani,Sohbat Pur,3.1
GGPS SAKHI SIKANDER KHAN,Sohbat Pur,28.6045118005535,68.4981299034059,Kareem Bakash Khosa,Sohbat Pur,2.78
GGPS SAKHI SIKANDER KHAN,Sohbat Pur,28.6045118005535,68.4981299034059,Aziz-u-Rehman Khosa/ Bahadur Khosa,Sohbat Pur,8.81
GGPS KHUDA ABAD,Sohbat Pur,28.4556795130694,68.6254482869437,Muhammad Ashraf Lashari/Mula Basksh Jattak,Sohbat Pur,8.52
GGPS KHUDA ABAD,Sohbat Pur,28.4556795130694,68.6254482869437,Akbar khayazai,Sohbat Pur,9.23
GGPS SARDAR HAMID KHAN PANWAR,Sohbat Pur,28.4567437189014,68.7599494613576,Raheem Bakhsh Kandrani,Sohbat Pur,4.24
GGPS SARDAR HAMID KHAN PANWAR,Sohbat Pur,28.4567437189014,68.7599494613576,Muhammad Ashraf Lashari/Mula Basksh Jattak,Sohbat Pur,9.86
GGPS SARDAR HAMID KHAN PANWAR,Sohbat Pur,28.4567437189014,68.7599494613576,Darya khan gajani/Arbab Pandrani,Sohbat Pur,7.51
GGPS SARDAR HAMID KHAN PANWAR,Sohbat Pur,28.4567437189014,68.7599494613576,Goth Gul Sher Kandrani,Sohbat Pur,3.14
GGMIDS GOTH IMAM BAKHSH KANRANI,Sohbat Pur,28.5062683818581,68.733951200436,Raheem Bakhsh Kandrani,Sohbat Pur,8.1
GGMIDS GOTH IMAM BAKHSH KANRANI,Sohbat Pur,28.5062683818581,68.733951200436,Muhammad Ashraf Lashari/Mula Basksh Jattak,Sohbat Pur,5.09
GGMIDS GOTH IMAM BAKHSH KANRANI,Sohbat Pur,28.5062683818581,68.733951200436,Goth Gul Sher Kandrani,Sohbat Pur,3.57
GBPS IMAM DIN KHAIZAI,Sohbat Pur,28.5284772799749,68.6074626314783,Muhammad Ashraf Lashari/Mula Basksh Jattak,Sohbat Pur,7.54
GBPS IMAM DIN KHAIZAI,Sohbat Pur,28.5284772799749,68.6074626314783,Akbar khayazai,Sohbat Pur,0.97
GGHS JIA KHAN KHOSA,Sohbat Pur,28.5365424410718,68.4040069344345,Aziz-u-Rehman Khosa/ Bahadur Khosa,Sohbat Pur,5.38
GGPS JUMA KHAN GAJANI,Sohbat Pur,28.4393346626664,68.7996660034492,Raheem Bakhsh Kandrani,Sohbat Pur,7.29
GGPS JUMA KHAN GAJANI,Sohbat Pur,28.4393346626664,68.7996660034492,Darya khan gajani/Arbab Pandrani,Sohbat Pur,4.21
GGPS JUMA KHAN GAJANI,Sohbat Pur,28.4393346626664,68.7996660034492,Goth Gul Sher Kandrani,Sohbat Pur,6.3
GGMIDS ABDUL NABI KANRANI,Sohbat Pur,28.5022056299422,68.6956502773088,Raheem Bakhsh Kandrani,Sohbat Pur,8.15
GGMIDS ABDUL NABI KANRANI,Sohbat Pur,28.5022056299422,68.6956502773088,Muhammad Ashraf Lashari/Mula Basksh Jattak,Sohbat Pur,1.8
GGMIDS ABDUL NABI KANRANI,Sohbat Pur,28.5022056299422,68.6956502773088,Akbar khayazai,Sohbat Pur,9.58
GGMIDS ABDUL NABI KANRANI,Sohbat Pur,28.5022056299422,68.6956502773088,Goth Gul Sher Kandrani,Sohbat Pur,6.72
GGPS LAKHMIR KHAN,Sohbat Pur,28.4862503761242,68.7402682428429,Raheem Bakhsh Kandrani,Sohbat Pur,6.01
GGPS LAKHMIR KHAN,Sohbat Pur,28.4862503761242,68.7402682428429,Muhammad Ashraf Lashari/Mula Basksh Jattak,Sohbat Pur,6.41
GGPS LAKHMIR KHAN,Sohbat Pur,28.4862503761242,68.7402682428429,Darya khan gajani/Arbab Pandrani,Sohbat Pur,9.91
GGPS LAKHMIR KHAN,Sohbat Pur,28.4862503761242,68.7402682428429,Goth Gul Sher Kandrani,Sohbat Pur,2.08
GGPS ALLAH RAKHIA,Sohbat Pur,28.5062021078274,68.7370416537088,Raheem Bakhsh Kandrani,Sohbat Pur,8.13
GGPS ALLAH RAKHIA,Sohbat Pur,28.5062021078274,68.7370416537088,Muhammad Ashraf Lashari/Mula Basksh Jattak,Sohbat Pur,5.39
GGPS ALLAH RAKHIA,Sohbat Pur,28.5062021078274,68.7370416537088,Goth Gul Sher Kandrani,Sohbat Pur,3.35
GBPS BAHAR KHAN,Sohbat Pur,28.4753896280075,68.7834285263194,Raheem Bakhsh Kandrani,Sohbat Pur,7.32
GBPS BAHAR KHAN,Sohbat Pur,28.4753896280075,68.7834285263194,Darya khan gajani/Arbab Pandrani,Sohbat Pur,5.52
GBPS BAHAR KHAN,Sohbat Pur,28.4753896280075,68.7834285263194,Goth Gul Sher Kandrani,Sohbat Pur,2.4
GGPS MANZOOR AHMED JARWAR,Sohbat Pur,28.5258031966786,68.627578600639,Muhammad Ashraf Lashari/Mula Basksh Jattak,Sohbat Pur,5.55
GGPS MANZOOR AHMED JARWAR,Sohbat Pur,28.5258031966786,68.627578600639,Akbar khayazai,Sohbat Pur,2.45
GBPS DAULAT KHAN,Sohbat Pur,28.5228314395134,68.6204377377596,Muhammad Ashraf Lashari/Mula Basksh Jattak,Sohbat Pur,6.17
GBPS DAULAT KHAN,Sohbat Pur,28.5228314395134,68.6204377377596,Akbar khayazai,Sohbat Pur,2.12
GGPS DEEDAR HUSSAIN KANRA,Sohbat Pur,28.4380170615484,68.8714727845087,Darya khan gajani/Arbab Pandrani,Sohbat Pur,4.12
GGMIDS ZAHOOR KHAN KHOSA,Sohbat Pur,28.5313084106018,68.6496254316632,Muhammad Ashraf Lashari/Mula Basksh Jattak,Sohbat Pur,3.77
GGMIDS ZAHOOR KHAN KHOSA,Sohbat Pur,28.5313084106018,68.6496254316632,Akbar khayazai,Sohbat Pur,4.31
GBPS GOTH TAGYA KHAN,Sohbat Pur,28.4352899497775,68.8731932386559,Darya khan gajani/Arbab Pandrani,Sohbat Pur,4.43
GBPS MIR ASGHAR KHAN PANWAR,Sohbat Pur,28.4570959775622,68.7827335949247,Raheem Bakhsh Kandrani,Sohbat Pur,6.18
GBPS MIR ASGHAR KHAN PANWAR,Sohbat Pur,28.4570959775622,68.7827335949247,Darya khan gajani/Arbab Pandrani,Sohbat Pur,5.28
GBPS MIR ASGHAR KHAN PANWAR,Sohbat Pur,28.4570959775622,68.7827335949247,Goth Gul Sher Kandrani,Sohbat Pur,3.74
GGPS MUHAMMAD HASSAN KHAN,Sohbat Pur,28.4726348057099,68.7626582660317,Raheem Bakhsh Kandrani,Sohbat Pur,5.65
GGPS MUHAMMAD HASSAN KHAN,Sohbat Pur,28.4726348057099,68.7626582660317,Muhammad Ashraf Lashari/Mula Basksh Jattak,Sohbat Pur,9.06
GGPS MUHAMMAD HASSAN KHAN,Sohbat Pur,28.4726348057099,68.7626582660317,Darya khan gajani/Arbab Pandrani,Sohbat Pur,7.4
GGPS MUHAMMAD HASSAN KHAN,Sohbat Pur,28.4726348057099,68.7626582660317,Goth Gul Sher Kandrani,Sohbat Pur,1.38
GGPS GOTH SAINDAD KANRANI,Sohbat Pur,28.4489926710874,68.8787528059319,Darya khan gajani/Arbab Pandrani,Sohbat Pur,4.27
GGPS BASHIR AHMED NANDWANI,Sohbat Pur,28.4372078754427,68.8669885068655,Darya khan gajani/Arbab Pandrani,Sohbat Pur,3.82
GBMIDS FAZAL MUHAMMAD KANRANI,Sohbat Pur,28.49291577,68.72958478,Raheem Bakhsh Kandrani,Sohbat Pur,6.59
GBMIDS FAZAL MUHAMMAD KANRANI,Sohbat Pur,28.49291577,68.72958478,Muhammad Ashraf Lashari/Mula Basksh Jattak,Sohbat Pur,5.14
GBMIDS FAZAL MUHAMMAD KANRANI,Sohbat Pur,28.49291577,68.72958478,Goth Gul Sher Kandrani,Sohbat Pur,3.24
GBPS BAGAN KHAN KANRANI,Sohbat Pur,28.465351456515,68.7319738565453,Raheem Bakhsh Kandrani,Sohbat Pur,3.58
GBPS BAGAN KHAN KANRANI,Sohbat Pur,28.465351456515,68.7319738565453,Muhammad Ashraf Lashari/Mula Basksh Jattak,Sohbat Pur,7.21
GBPS BAGAN KHAN KANRANI,Sohbat Pur,28.465351456515,68.7319738565453,Goth Gul Sher Kandrani,Sohbat Pur,3.62
GBPS MOHALLA SHER DIL BANGULZAI,Sohbat Pur,28.5090176390358,68.5296011823597,Akbar khayazai,Sohbat Pur,8.12
GGPS ABDUL HUSSAIN KANRANI,Sohbat Pur,28.4873502601951,68.7219813935416,Raheem Bakhsh Kandrani,Sohbat Pur,5.97
GGPS ABDUL HUSSAIN KANRANI,Sohbat Pur,28.4873502601951,68.7219813935416,Muhammad Ashraf Lashari/Mula Basksh Jattak,Sohbat Pur,4.83
GGPS ABDUL HUSSAIN KANRANI,Sohbat Pur,28.4873502601951,68.7219813935416,Goth Gul Sher Kandrani,Sohbat Pur,3.88
GGMIDS HAMZA KHAN KHOSA,Sohbat Pur,28.4397904068236,68.6897603910176,Raheem Bakhsh Kandrani,Sohbat Pur,3.57
GGMIDS HAMZA KHAN KHOSA,Sohbat Pur,28.4397904068236,68.6897603910176,Muhammad Ashraf Lashari/Mula Basksh Jattak,Sohbat Pur,8.22
GGMIDS HAMZA KHAN KHOSA,Sohbat Pur,28.4397904068236,68.6897603910176,Goth Gul Sher Kandrani,Sohbat Pur,8.63
GBPS ABDUL WAHID KHOSA,Sohbat Pur,28.5156538171057,68.422461589623,Aziz-u-Rehman Khosa/ Bahadur Khosa,Sohbat Pur,7.73
GBPS GOTH HAJI GHULAM MUSTAFA GAJANI,Sohbat Pur,28.4464457884535,68.7998488188992,Raheem Bakhsh Kandrani,Sohbat Pur,7.42
GBPS GOTH HAJI GHULAM MUSTAFA GAJANI,Sohbat Pur,28.4464457884535,68.7998488188992,Darya khan gajani/Arbab Pandrani,Sohbat Pur,3.85
GBPS GOTH HAJI GHULAM MUSTAFA GAJANI,Sohbat Pur,28.4464457884535,68.7998488188992,Goth Gul Sher Kandrani,Sohbat Pur,5.7
GBPS GOTH SHAMSUL HAQ KHOSA GANDAR,Sohbat Pur,28.435395455638,68.714066632147,Raheem Bakhsh Kandrani,Sohbat Pur,1.14
GBPS GOTH SHAMSUL HAQ KHOSA GANDAR,Sohbat Pur,28.435395455638,68.714066632147,Muhammad Ashraf Lashari/Mula Basksh Jattak,Sohbat Pur,9.2
GBPS GOTH SHAMSUL HAQ KHOSA GANDAR,Sohbat Pur,28.435395455638,68.714066632147,Goth Gul Sher Kandrani,Sohbat Pur,7.2
GBPS ALIF KHAN GAJANI,Sohbat Pur,28.45562164644,68.8162095853143,Raheem Bakhsh Kandrani,Sohbat Pur,9.21
GBPS ALIF KHAN GAJANI,Sohbat Pur,28.45562164644,68.8162095853143,Darya khan gajani/Arbab Pandrani,Sohbat Pur,2.02
GBPS ALIF KHAN GAJANI,Sohbat Pur,28.45562164644,68.8162095853143,Goth Gul Sher Kandrani,Sohbat Pur,6.28
GGPS HASSAN MUHAMMAD KANRANI,Sohbat Pur,28.48711144,68.72185292,Raheem Bakhsh Kandrani,Sohbat Pur,5.95
GGPS HASSAN MUHAMMAD KANRANI,Sohbat Pur,28.48711144,68.72185292,Muhammad Ashraf Lashari/Mula Basksh Jattak,Sohbat Pur,4.84
GGPS HASSAN MUHAMMAD KANRANI,Sohbat Pur,28.48711144,68.72185292,Goth Gul Sher Kandrani,Sohbat Pur,3.89
GGPS SHAH DOST KANRANI,Sohbat Pur,28.4895227889908,68.7414520495287,Raheem Bakhsh Kandrani,Sohbat Pur,6.39
GGPS SHAH DOST KANRANI,Sohbat Pur,28.4895227889908,68.7414520495287,Muhammad Ashraf Lashari/Mula Basksh Jattak,Sohbat Pur,6.35
GGPS SHAH DOST KANRANI,Sohbat Pur,28.4895227889908,68.7414520495287,Darya khan gajani/Arbab Pandrani,Sohbat Pur,9.92
GGPS SHAH DOST KANRANI,Sohbat Pur,28.4895227889908,68.7414520495287,Goth Gul Sher Kandrani,Sohbat Pur,2.02
GBPS GOTH ARBAB KHAN PINDRANI HAMIDPUR,Sohbat Pur,28.4641394326008,68.7600640065925,Raheem Bakhsh Kandrani,Sohbat Pur,4.79
GBPS GOTH ARBAB KHAN PINDRANI HAMIDPUR,Sohbat Pur,28.4641394326008,68.7600640065925,Muhammad Ashraf Lashari/Mula Basksh Jattak,Sohbat Pur,9.36
GBPS GOTH ARBAB KHAN PINDRANI HAMIDPUR,Sohbat Pur,28.4641394326008,68.7600640065925,Darya khan gajani/Arbab Pandrani,Sohbat Pur,7.52
GBPS GOTH ARBAB KHAN PINDRANI HAMIDPUR,Sohbat Pur,28.4641394326008,68.7600640065925,Goth Gul Sher Kandrani,Sohbat Pur,2.33
GGPS KILLI ABDUL NABI KHAN KANRANI,Sohbat Pur,28.4970065655018,68.7191369716116,Raheem Bakhsh Kandrani,Sohbat Pur,7.06
GGPS KILLI ABDUL NABI KHAN KANRANI,Sohbat Pur,28.4970065655018,68.7191369716116,Muhammad Ashraf Lashari/Mula Basksh Jattak,Sohbat Pur,4.02
GGPS KILLI ABDUL NABI KHAN KANRANI,Sohbat Pur,28.4970065655018,68.7191369716116,Goth Gul Sher Kandrani,Sohbat Pur,4.35
GBPS GOTH MEHMOOD KHAN GOLA SOHBAT PUR,Sohbat Pur,28.476880311901,68.5957234557983,Muhammad Ashraf Lashari/Mula Basksh Jattak,Sohbat Pur,9.43
GBPS GOTH MEHMOOD KHAN GOLA SOHBAT PUR,Sohbat Pur,28.476880311901,68.5957234557983,Akbar khayazai,Sohbat Pur,6.76
GGPS GHOT MUHAMMAD RAHIM,Sohbat Pur,28.5197951013286,68.4135389824901,Aziz-u-Rehman Khosa/ Bahadur Khosa,Sohbat Pur,7.2
GGPS Ghot Saleem Khan Khosa,Sohbat Pur,28.5269653,68.42653285,Aziz-u-Rehman Khosa/ Bahadur Khosa,Sohbat Pur,6.58
GGPS Gout Naseer Khan,Sohbat Pur,28.52498287,68.46628142,Aziz-u-Rehman Khosa/ Bahadur Khosa,Sohbat Pur,8.55
GGPS Haji Zain Ul Abidin,Sohbat Pur,28.4981570339701,68.5943115477516,Muhammad Ashraf Lashari/Mula Basksh Jattak,Sohbat Pur,8.81
GGPS Haji Zain Ul Abidin,Sohbat Pur,28.4981570339701,68.5943115477516,Akbar khayazai,Sohbat Pur,4.48
GGPS Goth Amanullah Khosa,Sohbat Pur,28.5203777197426,68.6161112878709,Muhammad Ashraf Lashari/Mula Basksh Jattak,Sohbat Pur,6.55
GGPS Goth Amanullah Khosa,Sohbat Pur,28.5203777197426,68.6161112878709,Akbar khayazai,Sohbat Pur,2.1
GGPS GOTH AYYUB KHAN KANRANI,Sohbat Pur,28.5060791069203,68.5684099240369,Akbar khayazai,Sohbat Pur,5.05
GGPS Goth Jamaludin Khosa,Sohbat Pur,28.6333062179624,68.4800504408203,Kareem Bakash Khosa,Sohbat Pur,3.77
GGPS Goth Jamaludin Khosa,Sohbat Pur,28.6333062179624,68.4800504408203,Aziz-u-Rehman Khosa/ Bahadur Khosa,Sohbat Pur,8.64
GGPS Goth majid Khan Khosa,Sohbat Pur,28.4826855903458,68.6068527918098,Muhammad Ashraf Lashari/Mula Basksh Jattak,Sohbat Pur,8.17
GGPS Goth majid Khan Khosa,Sohbat Pur,28.4826855903458,68.6068527918098,Akbar khayazai,Sohbat Pur,6.04
GGPS MEER GUL KHAN KHOSA,Sohbat Pur,28.5661895550608,68.4458754952195,Kareem Bakash Khosa,Sohbat Pur,9.4
GGPS MEER GUL KHAN KHOSA,Sohbat Pur,28.5661895550608,68.4458754952195,Aziz-u-Rehman Khosa/ Bahadur Khosa,Sohbat Pur,3.98
GBPS SYED ZAWAR HUSSAIN SHAH,Sohbat Pur,28.454251414435,68.882124512188,Darya khan gajani/Arbab Pandrani,Sohbat Pur,4.49
GBPS NISAR KHAN KHOSA RIIOA SOHBATPUR,Sohbat Pur,28.5176887,68.44958738,Aziz-u-Rehman Khosa/ Bahadur Khosa,Sohbat Pur,8.33
GGMIDS GOTH IMAM DIN KHIAZAI,Sohbat Pur,28.5292739111858,68.6082146914051,Muhammad Ashraf Lashari/Mula Basksh Jattak,Sohbat Pur,7.48
GGMIDS GOTH IMAM DIN KHIAZAI,Sohbat Pur,28.5292739111858,68.6082146914051,Akbar khayazai,Sohbat Pur,0.9
GGPS HAJI DINGHAN KHAN GAJANI,Sohbat Pur,28.4542745310895,68.7876540743644,Raheem Bakhsh Kandrani,Sohbat Pur,6.5
GGPS HAJI DINGHAN KHAN GAJANI,Sohbat Pur,28.4542745310895,68.7876540743644,Darya khan gajani/Arbab Pandrani,Sohbat Pur,4.82
GGPS HAJI DINGHAN KHAN GAJANI,Sohbat Pur,28.4542745310895,68.7876540743644,Goth Gul Sher Kandrani,Sohbat Pur,4.27
GBPS MOHAMMAD ISHAQ NINDWANI,Sohbat Pur,28.44624104,68.85859263,Darya khan gajani/Arbab Pandrani,Sohbat Pur,2.57
GBPS KHAIR BUX KHOSA,Sohbat Pur,28.5947559446984,68.5914058836053,Kareem Bakash Khosa,Sohbat Pur,7.95
GBPS KHAIR BUX KHOSA,Sohbat Pur,28.5947559446984,68.5914058836053,Akbar khayazai,Sohbat Pur,6.54
GBMIDS GOTH MUHAMMAD USMAN KHOSA,Sohbat Pur,28.6166200565308,68.526003073457,Kareem Bakash Khosa,Sohbat Pur,1.16
GPS HAJI MUHAMMAD KHAN KHOSA,Sohbat Pur,28.5161345985094,68.62906134096,Muhammad Ashraf Lashari/Mula Basksh Jattak,Sohbat Pur,5.25
GPS HAJI MUHAMMAD KHAN KHOSA,Sohbat Pur,28.5161345985094,68.62906134096,Akbar khayazai,Sohbat Pur,3.24
GPS MUHAMMAD AYAZ KHOSA,Sohbat Pur,28.6244664680104,68.5370688537119,Kareem Bakash Khosa,Sohbat Pur,1.98
GPS HAJI KARIM DINNA BUGTI,Sohbat Pur,28.4610573567083,68.6570453586113,Raheem Bakhsh Kandrani,Sohbat Pur,7.37
GPS HAJI KARIM DINNA BUGTI,Sohbat Pur,28.4610573567083,68.6570453586113,Muhammad Ashraf Lashari/Mula Basksh Jattak,Sohbat Pur,6.34
GPS HAJI KARIM DINNA BUGTI,Sohbat Pur,28.4610573567083,68.6570453586113,Akbar khayazai,Sohbat Pur,9.8
GPS MIR EZHAR KHAN KHOSA,Sohbat Pur,28.5266093404714,68.5308643490307,Akbar khayazai,Sohbat Pur,7.46
GPS GOTH AZAM KHOSA KHALANI,Sohbat Pur,28.6298230426815,68.5157459518308,Kareem Bakash Khosa,Sohbat Pur,0.73
GPS GHOS BUX GOLA,Sohbat Pur,28.474630732882,68.5779690950525,Akbar khayazai,Sohbat Pur,7.46
GPS MITHA SUMALANI,Sohbat Pur,28.56911485,68.465486,Kareem Bakash Khosa,Sohbat Pur,7.84
GPS MITHA SUMALANI,Sohbat Pur,28.56911485,68.465486,Aziz-u-Rehman Khosa/ Bahadur Khosa,Sohbat Pur,5.61
GPS PEER BAKSH SUMALANI,Sohbat Pur,28.56923464,68.45065369,Kareem Bakash Khosa,Sohbat Pur,8.83
GPS PEER BAKSH SUMALANI,Sohbat Pur,28.56923464,68.45065369,Aziz-u-Rehman Khosa/ Bahadur Khosa,Sohbat Pur,4.25
GPS GUL MOHAMMAD ,Sohbat Pur,28.51089687,68.44693095,Aziz-u-Rehman Khosa/ Bahadur Khosa,Sohbat Pur,8.9
GPS MUHAMMAD AMIN MARETA,Sohbat Pur,28.4607504900034,68.6681350592853,Raheem Bakhsh Kandrani,Sohbat Pur,6.38
GPS MUHAMMAD AMIN MARETA,Sohbat Pur,28.4607504900034,68.6681350592853,Muhammad Ashraf Lashari/Mula Basksh Jattak,Sohbat Pur,6.03
GPS MUHAMMAD AMIN MARETA,Sohbat Pur,28.4607504900034,68.6681350592853,Goth Gul Sher Kandrani,Sohbat Pur,9.53
GPS HAJI HISAMUDIN KHOSA,Sohbat Pur,28.55246097,68.45862711,Kareem Bakash Khosa,Sohbat Pur,9.71
GPS HAJI HISAMUDIN KHOSA,Sohbat Pur,28.55246097,68.45862711,Aziz-u-Rehman Khosa/ Bahadur Khosa,Sohbat Pur,5.88
